timestamp,id,version,lastModified,status,resources,image,bannerImage,twitterSite,audiences,url,title,description,category,locationCategory,location,language,presenter,presenterDescription,presenterContact,videoStreamUrl,rsvpEmbedUrl,recordedVideoUrl,videoDisabledReason
2020-03-23T15:00:00-06:00,202003-001,2,2020-03-30T11:00:00+08:00,confirmed,,,,,general,https://www.meetup.com/es-ES/rsk-community/events/269504497/,"What is Blockchain?
What is Bitcoin?",,Talk,online,Online only,English,Dulce Villarreal,Developer Advocate,@Dulce_vird,https://zoom.us/j/915605031,,https://youtu.be/g2UZa7pJ7cI,
2020-03-25T17:00:00-08:00,202003-002,3,2020-04-17T09:30:00+08:00,confirmed,"Slides: https://docs.google.com/presentation/d/e/2PACX-1vTld4SkM84Yat76nPRUX5F1LH-DuoEEKBZf4hrtz4snu7Q_5M8CjmucrOGs-7y3rxF1sRnLCc1Sob-P/pub?start=false&loop=false&delayms=600000
Tutorial: https://developers.rsk.co/tutorials/ethereum-devs/remix-and-metamask-with-rsk-testnet/",,,,developers,https://www.meetup.com/es-ES/rsk-community/events/269565719/,Create and Deploy your first Smart Contract to the RSK Network using Remix and Metamask,,Workshop,online,Online only,English,Brendan Graetz,Developer Advocate,@bguiz,https://zoom.us/j/850527491,,https://youtu.be/-pJahYxJ4ms,
2020-03-25T15:00:00-06:00,202003-003,3,2020-04-17T09:30:00+08:00,confirmed,Tutorial: https://developers.rsk.co/tutorials/ethereum-devs/remix-and-metamask-with-rsk-testnet/,,,,developers,https://www.meetup.com/es-ES/RSKBuenosAires/events/269566096,Crea tu primer smart contract en RSK usando Remix and Nifty Wallet,,Workshop,online,Online only,Spanish,Dulce Villarreal,Developer Advocate,@Dulce_vird,https://zoom.us/j/182679010,,https://youtu.be/TyKkkwF1PdM,
2020-03-25T19:30-03:00,202003-004,5,2020-05-12T11:03:00-03:00,confirmed,"Tutorial (em portugu√™s): https://solange.dev/2020/2020-03-27-Rsk-RemixMetamask/
Tutorial: https://developers.rsk.co/tutorials/ethereum-devs/remix-and-metamask-with-rsk-testnet/",,,,developers,https://www.meetup.com/es-ES/rsk-community/events/269566069/,Como criar smart contracts na RSK network utilizando Remix e Metamask,,Workshop,online,Online only,Portuguese,Solange Gueiros,Developer Advocate,@solangegueiros,https://zoom.us/j/211449645,,https://youtu.be/45ii2vFLKJc,
2020-03-26T09:30-03:00,202003-005,4,2020-07-02T20:27:00-03:00,confirmed,Slides: https://drive.google.com/file/d/1aB0CzP3ckoZ6kfiJCnR4UuyZLE3jV4Hn/view?usp=sharing,,,,enterprise,https://www.meetup.com/es-ES/RSKBuenosAires/events/269468497/,Gasnet: la red Blockchain para el Ecosistema de Gas,,Talk,online,Online only,Spanish,"Guillermo Villanueva
Carlos Amin
Albert Ruiz","CEO - Grupo Sabra
CIO - Gasnor
L√≠der T√©cnico - Gasnet","@guillevi
@cgamin7
",https://zoom.us/j/666038949,,https://youtu.be/2emqQlK4Glw,
2020-03-27T16:00:00-03:00,202003-006,3,2020-03-27T19:00:00+08:00,confirmed,,,,,developers,https://www.meetup.com/es-ES/RSKBuenosAires/events/269565762/,"¬øQu√© es RSK?
Herramientas para ganar un Hackathon",,Workshop,online,Online only,Spanish,Dulce Villarreal,Developer Advocate,@Dulce_vird,https://zoom.us/j/388106531,,https://youtu.be/mFaieJnJ7RA,
2020-03-30T15:00:00-06:00,202003-008,4,2020-03-27T15:00:00+08:00,confirmed,,,,,developers,https://www.meetup.com/es-ES/RSKBuenosAires/events/269676016/,"¬øQu√© es RSK?
¬øQu√© es Nifty Wallet?
Programa tu primera cartera",,Talk,online,Online only,Spanish,Dulce Villarreal,Developer Advocate,@Dulce_vird,https://zoom.us/meeting/register/vJcvdOqsrzgqhE2wf9mjTL2f-IjMyuCbOg,,https://www.youtube.com/watch?v=ZW0rqL3y_Rk&list=PLSyELPaIli1nOt6nqPy3QqSIViXoQkRPL&index=7,
2020-03-30T17:00:00-07:00,202003-007,4,2020-04-17T09:30:00+08:00,confirmed,Slides: https://docs.google.com/presentation/d/e/2PACX-1vR5ykBL7yfq5ZE25EFs1ogvPCs8dqsdk0xldPnR13JiB5dOnJSPaPvEy6ilILIG8a3MeKDzAROsT7Xw/pub?start=false&loop=false&delayms=600000,,,,developers,https://www.meetup.com/es-ES/rsk-community/events/269677327/,"What is RSK?
What is Nifty Wallet?
Set your first wallet!",,Talk,online,Online only,English,Brendan Graetz,Developer Advocate,@bguiz,https://zoom.us/meeting/register/tJYsf--oqj4vdrQoPSjX2wpMtM_z5dhvyw ,,https://www.youtube.com/watch?v=k6w_XN7qygE,
2020-04-01T17:00:00-07:00,202004-001,5,2020-04-23T12:30:00+08:00,confirmed,"Slides: https://docs.google.com/presentation/d/e/2PACX-1vQr8yOp8xWXKhIBlPqRzHfjARcyZW40vp1VTe_-Qh-iAYgsWXpwBRo5OFtfIYgJCy8gx2ONhwBm6aTb/pub?start=false&loop=false&delayms=600000
Notes: https://gist.github.com/bguiz/a0400b44bb0c3d0baa5f8e6db0c2ef22
Tutorial: https://developers.rsk.co/tutorials/ethereum-devs/geth-attach-local-node/",,,,developers,https://www.meetup.com/es-ES/rsk-community/events/269677379/,Run your own local RSK node with Geth attached,,Workshop,online,Online only,English,Brendan Graetz,Developer Advocate,@bguiz,https://zoom.us/meeting/register/v5IlcuCuqjgp2Hk8MSfma_UM2SRY1EpNBg,,https://youtu.be/apcD6bcSWpw,
2020-04-01T19:30:00-03:00,202004-002,5,2020-05-12T11:03:00-03:00,confirmed,"Tutorial (em portugu√™s) - part 1: https://solange.dev/2020/2020-04-05-Rsk-GethAttachLocalNode/
Tutorial (em portugu√™s) - part 2: https://solange.dev/2020/2020-04-06-Rsk-GethSmartContract/
Tutorial - part 1: https://developers.rsk.co/tutorials/ethereum-devs/geth-attach-local-node/
Tutorial - part 2: https://developers.rsk.co/tutorials/ethereum-devs/geth-attach-deploy-smart-contract/",,,,developers,https://www.meetup.com/es-ES/rsk-community/events/269676954/,"Utilizando Geth attach para interagir com um n√≥ local da rede RSK
",,Workshop,online,Online only,Portuguese,Solange Gueiros,Developer Advocate,@solangegueiros,https://zoom.us/meeting/register/u5Avd-ChqjMvMaSTcuJyoo-Tljt1fKj-HA,,https://youtu.be/z5AiHy0mC8U,
2020-04-02T15:00:00-06:00,202004-003,4,2020-04-17T09:30:00+08:00,confirmed,Tutorial: https://developers.rsk.co/tutorials/ethereum-devs/geth-attach-local-node/,,,,developers,https://www.meetup.com/es-ES/RSKBuenosAires/events/269676265/,Instala tu primer nodo usando Geth con tu nodo local de RSK ,,Workshop,online,Online only,Spanish,Dulce Villarreal ,Developer Advocate,@Dulce_vird,https://zoom.us/meeting/register/tJIpce6pqTgobH-tXjWMMYplRN_qVoNtSg,,https://youtu.be/1Zs2m5z_S9g,
2020-04-03T14:00:00-03:00,202004-004,4,2020-07-02T20:22:00-03:00,confirmed,"Slides: https://drive.google.com/file/d/1WeaK_-7VpcUl-s74bw2_Cdcl8_PL_1xP/view?usp=sharing
url: https://www.rifos.org/",,,,general,https://www.meetup.com/es-ES/rsk-community/events/269685307/,RIF Services overview,,Talk,online,Online only,English,Alejandro Narancio,Payments and Tools PO,@anarancio,https://zoom.us/meeting/register/vpEudu6qrTwi6BVo47gZ2Dp8Kn1P7fuXwQ,,https://youtu.be/lxrBOdcSQfo,
2020-04-03T15:00:00-06:00,202004-005,2,2020-04-03T22:00:00+08:00,confirmed,,,,,general,https://www.meetup.com/es-ES/RSKBuenosAires/events/269812231/,"¬øQu√© es Bitcoin?
¬øQu√© es Blockchain?",,Talk,online,Online only,Spanish,Dulce Villarreal,Developer Advocate,@Dulce_vird,https://zoom.us/meeting/register/vJYscOqprT4qiafPx_ipbYLtUpqVap7aaA,,https://youtu.be/WzheOfMretc,
2020-04-06T14:00:00-03:00,202004-006,3,2020-07-02T20:25:00-03:00,confirmed,"Slides: https://drive.google.com/file/d/1u56PrkbwYModJl1IVOIJ0ZQBiBUGx2WH/view?usp=sharing
url: https://developers.rsk.co/defi/",,,,general,https://www.meetup.com/es-ES/rsk-community/events/269838616/,What is Decentralized Finance or DeFi?,,Talk,online,Online only,English,Maximiliano del Hoyo,DeFi PO,@maxdh_ar,https://zoom.us/meeting/register/u5ctdemsrj0uW4KSidV5R-zbr32t5qoEvg,,https://youtu.be/EBjrvm_5IoE,
2020-04-06T18:00:00-03:00,202004-007,3,2020-07-02T20:25:00-03:00,confirmed,"Slides: https://drive.google.com/file/d/1qAUBtS-OhLgPrhvTJFV5cYvAA3Io1Z-d/view?usp=sharing
url: https://developers.rsk.co/defi/es/",,,,general,https://www.meetup.com/es-ES/RSKBuenosAires/events/269835498/,¬øQu√© son las Finanzas Descentralizadas?,,Talk,online,Online only,Spanish,Maximiliano del Hoyo,DeFi PO,@maxdh_ar,https://zoom.us/meeting/register/vpYtce-ppjsjBj1Z95uGeLBM85AfEzzqig,,https://youtu.be/573jdX0TCZE,
2020-04-07T12:30:00-03:00,202004-008,3,2020-07-02T20:22:00-03:00,confirmed,"Slides: https://drive.google.com/file/d/1gru6DogGD4w93G7jZfyw9DWnORzpzcVk/view?usp=sharing
url: https://www.rifos.org/es/",,,,general,https://www.meetup.com/es-ES/RSKBuenosAires/events/269837767,Introducci√≥n a los servicios de RIF,,Talk,online,Online only,Spanish,Alejandro Narancio,Payments and Tools PO,@anarancio,https://zoom.us/meeting/register/v5QsdOmsqjwrikKuDAgPq1N89Kno-k72oQ,,https://youtu.be/8yxo4-fu1H0,
2020-04-08T19:30:00-03:00,202004-009,2,2020-04-07T08:00:00+08:00,cancelled,,,,,developers,,Aprenda a utilizar rWallet e librerias RSK,,Workshop,online,Online only,Portuguese,Solange Gueiros,Developer Advocate,@solangegueiros,,,,cancelled
2020-04-08T17:00:00-07:00,202004-010,2,2020-04-07T08:00:00+08:00,cancelled,,,,,developers,,rWallet and RSK libraries,,Workshop,online,Online only,English,Brendan Graetz,Developer Advocate,@bguiz,,,,cancelled
2020-04-09T15:00:00-06:00,202004-011,2,2020-04-07T08:00:00+08:00,cancelled,,,,,developers,,rWallet y librer√≠a de RSK,,Workshop,online,Online only,Spanish,Dulce Villarreal ,Developer Advocate,@Dulce_vird,,,,cancelled
2020-04-08T19:30:00-03:00,202004-012,2,2020-04-07T08:00:00+08:00,confirmed,,,,,developers,https://www.meetup.com/es-ES/rsk-community/events/269897747/,Por dentro do Solidty,,Workshop,online,Online only,Portuguese,Solange Gueiros,Developer Advocate,@solangegueiros,https://zoom.us/meeting/register/tZMkcuCvrj8ir2VcSK2l5vC85oYuQ3XzQg,,https://youtu.be/68AMoiQfgEE,
2020-04-08T17:00:00-07:00,202004-013,3,2020-04-17T09:30:00+08:00,confirmed,"Slides: https://docs.google.com/presentation/d/e/2PACX-1vQGq3lXF_X51zJMGwLE04IDqumhP8T2subFdYSmgO0VP4TrxNx0lkuYFe0F12bUnYT2_4DHDDnXFhW3/pub?start=false&loop=false&delayms=600000#slide=id.p
Notes: https://gist.github.com/bguiz/a718ec6715a00cab3cef1654ffbe4810
Hands on: https://dappsdev.org/hands-on/solidity-intro/",,,,developers,https://www.meetup.com/es-ES/rsk-community/events/269897805/,Inside Solidity,,Workshop,online,Online only,English,Brendan Graetz,Developer Advocate,@bguiz,https://zoom.us/meeting/register/uJMqceCrpj8vwF12sWEGGYUwakqnpBe5rg,,https://youtu.be/AXAqwreIQgQ,
2020-04-09T15:00:00-06:00,202004-014,2,2020-04-20T09:30:00+08:00,confirmed,Slides: https://docs.google.com/presentation/d/e/2PACX-1vSR3C6irA_Wty7jI1a2CmsUAmv8BC2OP8eawwntAOrL6pdjM35vAQGZf9kfhwpjTC8YArjPY-H89pQy/pub?start=false&loop=false&delayms=3000,,,,developers,https://www.meetup.com/es-ES/RSKBuenosAires/events/269897477/,Solidity por Dentro,,Workshop,online,Online only,Spanish,Angel Lopez,Software Engineer,@ajlopez,https://zoom.us/meeting/register/tZAuc-ChpzojhDnyRYd056DZNfWnHjPkKw,,https://youtu.be/9MLAykZ0U4Q,
2020-04-13T14:00:00-03:00,202004-015,2,2020-04-25T10:50:00-03:00,confirmed,Slides: https://docs.google.com/presentation/d/1SVeyzllyeq_gTVWsr5umXx6EechFXnGvjI2o7ACP0Lk/edit?usp=sharing,,,,general,https://www.meetup.com/es-ES/RSKBuenosAires/events/269959329,RIF Name Services (Spanish),,Talk,online,Online only,Spanish,Ilan Olkies,RNS PO,@ilanolkies,https://zoom.us/meeting/register/tJMrcuGsqjoos3djOzbLWvWzElEY6fqrWA,,https://youtu.be/XzNcAcMAZXE,
2020-04-14T14:00:00-03:00,202004-016,2,2020-04-25T10:50:00-03:00,confirmed,Slides: https://docs.google.com/presentation/d/1MpCe8A4hxaF8f2ppQscIqWxPVwN_fW7Z4a1-SH9A2l4/edit?usp=sharing,,,,general,https://www.meetup.com/es-ES/rsk-community/events/269959370/,RIF Name Services (English),,Talk,online,Online only,English,Ilan Olkies,RNS PO,@ilanolkies,https://zoom.us/meeting/register/vJUvf-uurj4rlf0hZDXoAPr_tneiGkFDAw ,,https://youtu.be/tvXEM1IExI8,
2020-04-15T19:30:00-03:00,202004-017,3,2020-05-12T11:03:00-03:00,confirmed,"Tutorial (em portugu√™s): https://solange.dev/2020/2020-04-18-Rsk-FirstFrontendWeb3injected/
Tutorial: https://developers.rsk.co/tutorials/frontend/first-frontend-web3-injected/
",,,,developers,https://www.meetup.com/es-ES/rsk-community/events/269959494/,Crie seu primeiro frontend para um Smart Contract,,Workshop,online,Online only,Portuguese,Solange Gueiros,Developer Advocate,@solangegueiros,https://zoom.us/meeting/register/uJMpceGsqj4rbTf0TLeEJZ3LZRaKHrhYZw,,https://youtu.be/bm1dJyxe1mc,
2020-04-15T17:00:00-07:00,202004-018,3,2020-05-12T11:03:00-03:00,confirmed,"Slides: https://docs.google.com/presentation/d/e/2PACX-1vQNSiv3jzp78IYyJTnqHEv1rfyLBEkosM2r8Y-VvzT0Obc3UWK4wgtpO9b50cJ42QqWYnQxUlnOsW5O/pub?start=false&loop=false&delayms=600000
Notes: https://gist.github.com/bguiz/e4297582b2627e090cf44455d33f2592
Tutorial: https://developers.rsk.co/tutorials/frontend/first-frontend-web3-injected/",,,,developers,https://www.meetup.com/es-ES/rsk-community/events/269959427,Create your first frontend for Smart Contracts,,Workshop,online,Online only,English,Brendan Graetz,Developer Advocate,@bguiz,https://zoom.us/meeting/register/uJYkdOGqrTkuZnxFUxciyDHFZQWt5_q1Ug,,https://www.youtube.com/watch?v=E2kTSLFHPgk,
2020-04-16T09:30:00-03:00,202004-019,2,2020-04-12T10:00:00+08:00,cancelled,,,,,developers,,CANCELLED,,Talk,online,Online only,Spanish,Pedro Parrota (grupo sabra),,,,,,cancelled
2020-04-17T14:00:00-03:00,202004-020,3,2020-04-25T10:50:00-03:00,confirmed,"Slides: https://hackmd.io/@ilanolkies/primer-fe-rsk
Based on: https://ilanolkies.com/post/Hello-world-to-descentralized-applications
Source code: https://github.com/rsksmart/webinar-primer-frontend",,,,developers,https://www.meetup.com/es-ES/RSKBuenosAires/events/269959915,Crea tu primer frontend para Smart Contracts,,Workshop,online,Online only,Spanish,Ilan Olkies,RNS PO,@ilanolkies,https://zoom.us/meeting/register/vpwqc-qpqDkvNhXl3WMzM6Fsh1tXdfky6w,,https://youtu.be/CoO9k1LYO04,
2020-04-22T21:00:00+08:00,202004-021,4,2020-04-23T12:30:00+08:00,confirmed,"Slides: https://docs.google.com/presentation/d/e/2PACX-1vSTQR4r5jp35WxNuTnOX61ubjzScNNAm-RzuMGLAzrIUSZwG1gk_72esQJZ-58nRCgoZQL9INhtMDr8/pub?start=false&loop=false&delayms=600000
Notes: https://github.com/bguiz/workshop-rsk-create-erc20-token-with-oz-truffle-bguiz/blob/master/walkthru.md
Hands on: https://github.com/bguiz/workshop-rsk-create-erc20-token-with-oz-truffle-bguiz/
Tutorial: https://developers.rsk.co/tutorials/tokens/create-a-token/",,,,developers,https://www.meetup.com/es-ES/rsk-community/events/270120775/,Create your own token on the RSK network,,Workshop,online,Online only,English,Brendan Graetz,Developer Advocate,@bguiz,https://attendee.gotowebinar.com/register/4626395691306412302,,,hacked
2020-04-22T19:30:00-03:00,202004-022,4,2020-05-12T11:03:00-03:00,confirmed,"Tutorial (em portugu√™s): https://solange.dev/2020/2020-04-26-Rsk-CreateToken/
Tutorial: https://developers.rsk.co/tutorials/tokens/create-a-token/",,,,developers,https://www.meetup.com/es-ES/rsk-community/events/270120781/,Como criar seu token na RSK network,,Workshop,online,Online only,Portuguese,Solange Gueiros,Developer Advocate,@solangegueiros,https://attendee.gotowebinar.com/register/4099803288880978958,,https://youtu.be/3O9emzzLt-Y,
2020-04-23T19:00:00-05:00,202004-023,3,2020-04-18T06:40:00-03:00,confirmed,Tutorial: https://developers.rsk.co/tutorials/tokens/create-a-token/,,,,developers,https://www.meetup.com/es-ES/RSKBuenosAires/events/270120697/,Crea tu propio token en RSK network,,Workshop,online,Online only,Spanish,Dulce Villarreal,Developer Advocate,@Dulce_vird,https://attendee.gotowebinar.com/register/4361944453128924174,,,demonstrates testnet public node failure
2020-04-30T08:00:00+08:00,202004-024,3,2020-04-29T18:00:00+08:00,confirmed,"Tutorial: https://developers.rsk.co/tutorials/ethereum-devs/truffle-box/
Slides: https://docs.google.com/presentation/d/e/2PACX-1vQaImNXhx-tr0FsqtmXmwZQIVCnvwVOIwDFxZ8cfAxrZOC4MEol4Gc5ojHOdLA_e_XfAhQqwBy6eD6V/pub?start=false&loop=false&delayms=600000
Sample Code: https://github.com/bguiz/workshop-rsk-truffle-box-bguiz",,,,developers,https://www.meetup.com/es-ES/rsk-community/events/270250688/,Learn how to use Truffle boxes with RSK,,Workshop,online,Online only,English,Brendan Graetz,Developer Advocate,@bguiz,https://app.livestorm.co/iov-labs-1/learn-how-to-use-truffle-boxes,,,demonstrates testnet public node failure
2020-04-29T19:30:00-03:00,202004-025,3,2020-04-29T18:00:00+08:00,confirmed,"Tutorial: https://developers.rsk.co/tutorials/ethereum-devs/truffle-box/
Sample Code: https://github.com/bguiz/workshop-rsk-truffle-box-bguiz",,,,developers,https://www.meetup.com/es-ES/rsk-community/events/270248291/,Como utilizar Truffle box com RSK,,Workshop,online,Online only,Portuguese,Solange Gueiros,Developer Advocate,@solangegueiros,https://app.livestorm.co/iov-labs-1/como-utilizar-truffle-box-com-rsk,,https://youtu.be/5W4jhPJh9-c,
2020-04-30T19:00:00-05:00,202004-026,3,2020-04-29T18:00:00+08:00,confirmed,"Tutorial: https://developers.rsk.co/tutorials/ethereum-devs/truffle-box/
Sample Code: https://github.com/bguiz/workshop-rsk-truffle-box-bguiz",,,,developers,https://www.meetup.com/es-ES/RSKBuenosAires/events/270249389/,Aprende a usar Truffle Boxes con RSK,,Workshop,online,Online only,Spanish,Dulce Villarreal ,Developer Advocate,@Dulce_vird,https://app.livestorm.co/iov-labs-1/aprende-a-usar-truffle-boxes-con-rsk,,,
2020-05-06T21:00:00+08:00,202005-001,2,2020-04-24T23:45:00+08:00,confirmed,"Hands on: https://github.com/bguiz/workshop-rsk-erc721-token-with-oz-react-truffle-bguiz/blob/master/walkthru.md
Live demo: https://github.com/bguiz/workshop-rsk-erc721-token-with-oz-truffle-bguiz-live
Slides: https://docs.google.com/presentation/d/e/2PACX-1vQDr0B_K2HZXMV_y-pFK7HwSbXmKDcuxTeZoxyqcs7D1SxvHOHyMgfHbtUxjLpoUYUwxs6Adk42qqAj/pub?start=false&loop=false&delayms=600000",,,,developers,https://www.meetup.com/es-ES/rsk-community/events/270378750,How to create your own collectable token on the RSK network,"Learn how to create your own non-fungible token, and deploy it on RSK.
You will make use of Truffle, MetaMask, Open Zeppelin and the ERC721 token standard.",Workshop,online,Online only,English,Brendan Graetz,Developer Advocate,@bguiz,https://app.livestorm.co/iov-labs-1/how-to-create-your-own-collectable-token,,https://youtu.be/ThA8rkw-nTY,
2020-05-06T19:30:00-03:00,202005-002,4,2020-05-12T11:03:00-03:00,confirmed,"Pr√©-requisitos (em portugu√™s): https://solange.dev/2020/2020-05-10-Rsk-SetupTruffleOZ/
Tutorial (em portugu√™s): https://solange.dev/2020/2020-05-11-Rsk-CreateTokenNFT/
Pre-requisites tutorial: https://developers.rsk.co/tutorials/ethereum-devs/setup-truffle-oz/
Tutorial: https://developers.rsk.co/tutorials/tokens/create-a-collectable-token/",,,,developers,https://www.meetup.com/es-ES/rsk-community/events/270378822,Como criar seu token colecion√°vel na RSK network,,Workshop,online,Online only,Portuguese,Solange Gueiros,Developer Advocate,@solangegueiros,https://app.livestorm.co/iov-labs-1/como-criar-seu-token-colecionavel,,https://youtu.be/JomHBILaBpA,
2020-05-07T19:00:00-05:00,202005-003,2,2020-04-24T23:45:00-03:00,confirmed,,,,,developers,https://www.meetup.com/es-ES/RSKBuenosAires/events/270378844,Crea tu propio non-fungible token en la red de RSK,,Workshop,online,Online only,Spanish,Dulce Villarreal ,Developer Advocate,@Dulce_vird,https://app.livestorm.co/iov-labs-1/crea-tu-propio-non-fungible-token,,https://youtu.be/U8NMo8PUH6Q,
2020-04-23T21:00:00+08:00,202004-027,2,2020-04-22T19:11:00-03:00,confirmed,"Slides: https://docs.google.com/presentation/d/e/2PACX-1vQNSiv3jzp78IYyJTnqHEv1rfyLBEkosM2r8Y-VvzT0Obc3UWK4wgtpO9b50cJ42QqWYnQxUlnOsW5O/pub?start=false&loop=false&delayms=600000
Notes: https://gist.github.com/bguiz/e4297582b2627e090cf44455d33f2592
Tutorial: https://developers.rsk.co/tutorials/frontend/first-frontend-web3-injected/",,,,developers,https://www.meetup.com/es-ES/rsk-community/events/270120788/,Create your first frontend for Smart Contracts,,Workshop,online,Online only,English,Brendan Graetz,Developer Advocate,@bguiz,https://attendee.gotowebinar.com/register/877417282457269771,,https://youtu.be/E2kTSLFHPgk,
2020-04-24T14:00:00-03:00,202004-028,3,2020-07-02T20:18:00-03:00,confirmed,"Slides: https://drive.google.com/file/d/1FzatGBiT4sNtnOrn09SCpNrVHs4-sX3B/view?usp=sharing
url: https://www.rifos.org/payments",,,,developers,https://www.meetup.com/es-ES/rsk-community/events/270120801/,"An introduction to RIF Lumino:
Concepts, ideas and architecture",,Talk,online,Online only,English,Alejandro Narancio,Payments and Tools PO,@anarancio,https://attendee.gotowebinar.com/register/6455007773111865870,,https://youtu.be/6tc05aep-W4,
2020-04-24T16:00:00-03:00,202004-029,3,2020-07-02T20:18:00-03:00,confirmed,"Slides: https://drive.google.com/file/d/1d6TpdE5IC4qKdjlkpnZCQOiEfnoib_j9/view?usp=sharing
url: https://www.rifos.org/es/payments",,,,developers,https://www.meetup.com/es-ES/RSKBuenosAires/events/270120715/,"Introducci√≥n a RIF Lumino:
Conceptos, ideas y arquitectura",,Talk,online,Online only,Spanish,Alejandro Narancio,Payments and Tools PO,@anarancio,https://attendee.gotowebinar.com/register/2428593993172923662,,https://youtu.be/WvvrIEaF0NA,
2020-04-27T14:00:00-03:00,202004-030,3,2020-07-02T20:16:00-03:00,confirmed,"Slides: https://drive.google.com/file/d/1y_-JVSzRT0zLwQQPICXOspNUyIhNaX1y/view?usp=sharing
url: https://www.rsk.co/Use-cases",,,,startups enterprise,https://www.meetup.com/es-ES/RSKBuenosAires/events/270247186/,Blockchain and RSK use cases,,Talk,online,Online only,English,"Gloria Vailati
Maximiliano del Hoyo","CMO
DeFi Lead","@gloriavailati
@maxdh_ar",https://app.livestorm.co/iov-labs-1/blockchain-and-rsk-use-cases,,https://youtu.be/dw_khz1Cw3Q,
2020-04-28T11:00:00-03:00,202004-031,3,2020-07-02T20:30:00-03:00,confirmed,Slides: https://drive.google.com/file/d/1wi0GORDtQ1uxI4cm8O5kTIEoA7sShKZp/view?usp=sharing,,,,enterprise,https://www.meetup.com/es-ES/RSKBuenosAires/events/270248095/,Blockchain para la industria financiera: el caso del Banco Central de la Rep√∫blica Argentina,,Talk,online,Online only,Spanish,"Claudio Fiorillo
Guillermo Villanueva",,,https://app.livestorm.co/iov-labs-1/blockchain-para-la-industria-financiera,,https://youtu.be/fEnbO1y2qXM,
2020-05-04T15:00:00-03:00,202005-004,3,2020-07-02T20:12:00-03:00,confirmed,"Slides: https://drive.google.com/file/d/1sjJy32bTnnmAqVs-8S2CsxX0ZJv2SduH/view?usp=sharing
url: https://www.bitgivefoundation.org/",,,,enterprise,https://www.meetup.com/es-ES/rsk-community/events/270367793/,Bitgive + IOV Labs for Covid-19,,Talk,online,Online only,English,"Connie Gallippi
Agustin Pandolfini","Founder and Executive Director of BitGive
Social Impact Lead","@conniegallippi
@agustinfini",https://app.livestorm.co/iov-labs-1/bitgive-and-iov-for-covid,,https://youtu.be/y7auw58TeXM,
2020-05-05T19:00:00+02:00,202005-005,3,2020-07-02T20:10:00-03:00,confirmed,"Slides: https://drive.google.com/file/d/191c39S3Kj144D-sv8gq1XlhlGdCvEz_j/view?usp=sharing
url: https://www.rifos.org/blog/rif-on-chain-launch",,,,general,https://www.meetup.com/es-ES/rsk-community/events/270370376/,RIF On Chain,,Talk,online,Online only,English,Santiago Lavallaz,Director Capital Markets,@__Santino__,https://app.livestorm.co/iov-labs-1/rif-on-chain,,https://youtu.be/egk8WzquT3U,
2020-05-05T21:00:00+02:00,202005-006,3,2020-07-02T20:10:00-03:00,confirmed,"Slides: https://drive.google.com/file/d/1yRWcMnw2x9M1oS63yeiifhDXnypaMLzb/view?usp=sharing
url: https://www.rifos.org/es/blog/rif-on-chain-launch",,,,general,https://www.meetup.com/es-ES/RSKBuenosAires/events/270378726/,RIF On Chain,,Talk,online,Online only,Spanish,Santiago Lavallaz,Director Capital Markets,@__Santino__,https://app.livestorm.co/iov-labs-1/rif-on-chain-espanol,,https://youtu.be/BIaDKSGG3C4,
2020-05-08T14:00:00-03:00,202005-007,3,2020-07-02T20:15:00-03:00,confirmed,"Slides: https://drive.google.com/file/d/1hXP_VETriTD0vOtMsSZClgwGeYzF2JfK/view?usp=sharing
url: https://www.rsk.co/es/Use-cases",,,,startups enterprise,https://www.meetup.com/es-ES/RSKBuenosAires/events/270466986/,Casos de uso de Blockchain construidos sobre RSK y RIF,,Talk,online,Online only,Spanish,Gloria Vailati,CMO,@gloriavailati,https://app.livestorm.co/iov-labs-1/casos-de-uso-de-rsk-y-rif,,https://youtu.be/QpbtVlulChQ,
2020-05-12T16:30:00-04:00,202005-008,3,2020-06-05T13:01:00-03:00,confirmed,,,,,startups enterprise,https://next.brella.io/events/consensusdistributed/schedule/118437,IOVlabs at Foundations - Consensus 2020,,Conference,online,Online only,English,"Diego Gutierrez Zaldivar
Brian Prilick
Gabriel Kurman","CEO
CTF Capital Managing Partner
RIF Strategist","@dieguito
@BrianPrilick
@GabrielKurman",https://next.brella.io/events/consensusdistributed/schedule/118437,,https://www.coindesk.com/videos/foundations-consensus-distributed/foundations-iov,
2020-05-13T14:30:00-04:00,202005-009,3,2020-06-05T13:01:00-03:00,confirmed,,,,,startups enterprise,https://next.brella.io/events/consensusdistributed/schedule/118604,RIF: the building blocks of a truly decentralized Internet - Consensus 2020,,Conference,online,Online only,English,"Gabriel Kurman
Vojtech Simetka
Alejandro Narancio
Milton Berman
Julian Rodriguez","RIF Strategist
Storage and Communications PO
Payments and Tools PO
Directory PO
Marketplace PO","@GabrielKurman
@vojtechsimetka
@anarancio
@miltonberman
@julianmrodri_",https://next.brella.io/events/consensusdistributed/schedule/118604,,https://www.youtube.com/watch?v=QEKz243x_IY&list=PLSyELPaIli1kpVbzJ3c7metuPBPojGwlG,
2020-05-18T14:00:00-03:00,202005-010,3,2020-05-23T13:30:00+08:00,confirmed,Slides: https://www.slideshare.net/PedroPrete/webinar-in-english-for-the-token-bridge-between-rsk-and-ethereum,/webinars/img/events/bridge.jpg,,,developers general,https://www.meetup.com/es-ES/rsk-community/events/270653530/,RSK - Ethereum Token Bridge,,Talk,online,Online only,English,Pedro Prete,Interoperability PO,@PedroMPrete,https://app.livestorm.co/iov-labs-1/ethereum-bridge,,https://youtu.be/3ZOvpLE3MvM,
2020-05-18T18:00:00-03:00,202005-011,3,2020-05-23T13:30:00+08:00,confirmed,Slides: https://www.slideshare.net/PedroPrete/webinar-en-espaol-del-token-bridge-entre-rsk-y-ethereum,/webinars/img/events/bridge.jpg,,,developers general,https://www.meetup.com/es-ES/RSKBuenosAires/events/270653808/,RSK - Ethereum Token Bridge,,Talk,online,Online only,Spanish,Pedro Prete,Interoperability PO,@PedroMPrete,https://app.livestorm.co/iov-labs-1/rsk-ethereum-token-bridge-en-espanol,,https://youtu.be/6a4KD2CElQY,
2020-05-20T14:00:00-03:00,202005-012,3,2020-07-02T20:04:00-03:00,confirmed,"Slides: https://drive.google.com/file/d/1x3PsqJULlklU81WjR8q8VvMdIOO20T90/view?usp=sharing
url: https://mining.rsk.co/",,,,developers general,https://www.meetup.com/es-ES/rsk-community/events/270656095/,From Bitcoin Mining to RSK Merged Mining,,Talk,online,Online only,English,Martin Medina,Head of Mining,@ThisIsTincho,https://app.livestorm.co/iov-labs-1/from-bitcoin-mining-to-rsk-merged-mining,,https://youtu.be/-ht5UhUuIUE,
2020-05-20T18:00:00-03:00,202005-013,3,2020-07-02T20:04:00-03:00,confirmed,"Slides: https://drive.google.com/file/d/1Fy0ITim7fB9vePWcCSw1SaiIJdlD7HuO/view?usp=sharing
url: https://mining.rsk.co/es/",,,,developers general,https://www.meetup.com/es-ES/RSKBuenosAires/events/270655653/,De Miner√≠a de Bitcoin a Merged Mining sobre RSK,,Talk,online,Online only,Spanish,Martin Medina,Head of Mining,@ThisIsTincho,https://app.livestorm.co/iov-labs-1/de-mineria-de-bitcoin-a-merged-mining,,https://youtu.be/CQ95g6xxS-Y,
2020-05-22T19:00:00-03:00,202005-014,2,2020-07-02T20:00:00-03:00,confirmed,"Slides: https://drive.google.com/file/d/1FXOPxSK0LCaJnuQt3kmiBUYnamHB1vZd/view?usp=sharing
url: https://www.rifos.org/storage",,,,startups enterprise,https://www.meetup.com/es-ES/rsk-community/events/270662407/,Why we need Decentralized Storage and Communications,,Talk,online,Online only,English,Vojtech Simetka,Storage and Communication PO,@vojtechsimetka,https://app.livestorm.co/iov-labs-1/why-we-need-decentralized-storage,,https://www.youtube.com/watch?v=Yeinq7aiGWQ,
2020-05-11T05:45:00-04:00,202005-015,1,2020-05-17T17:15:00+08:00,confirmed,,,,,developers general,,RSK Demo: Bitcoin Halving Livestream 2020,,Demo,online,Online only,English,Alejandro Banzas,Head of Developers Relations,@alebanzas,,,https://youtu.be/5qy3aAnhCwc,
2020-05-11T05:45:00-04:00,202005-016,1,2020-05-17T17:15:00+08:00,confirmed,,,,,enterprise general,,"Moneyonchain a Stablecoin descentralizada baseada no Bitcoin. Tudo sobre o MoC, DoC, Bpro e BTCx",,Talk,online,Online only,Portuguese,Solange Gueiros,Developer Advocate,@solangegueiros,,,https://youtu.be/iXaKY7Nn4L4,
2020-05-27T16:00:00-03:00,202005-017,2,2020-07-02T19:59:00-03:00,confirmed,"Slides: https://drive.google.com/file/d/1OnZ7dnqOZI7SiNlrYvuKesBHrdWnN_G7/view?usp=sharing
url: https://developers.rsk.co/defi/",,,,developers spanish,https://www.meetup.com/es-ES/RSKBuenosAires/events/270797663/,DeFi para Desarrolladores Blockchain,,Workshop,online,Online only,Spanish,Angel Lopez,Software Developer,@ajlopez,https://app.livestorm.co/iov-labs-1/defi-para-desarrolladores-blockchain,,https://youtu.be/DypxxvAMCZ8,
2020-05-29T14:00:00-04:00,202005-018,2,2020-07-02T19:57:00-03:00,confirmed,"Slides: https://drive.google.com/file/d/1SwMzuRA4FyCg8ViJmu1G59RCHJWCq6iF/view?usp=sharing
url: https://fund.rsk.co/",,,,"enterprise, entrepreneurs, general audience",https://www.meetup.com/es-ES/rsk-community/events/270798560/,"RSK Ecosystem Fund:
Criteria, process, first round of investments review",,Talk,online,Online only,English,Katerina Stroponiati,Monday Capital Founder Partner,@katerinastro,https://app.livestorm.co/iov-labs-1/rsk-ecosystem-fund,,https://www.youtube.com/watch?v=rjKLb1gd514&list=PLSyELPaIli1nDXVOtUXMjRrWtd2eMiRXi,
2020-06-12T10:00:00+01:00,202006-001,4,2020-06-01T20:14:00-03:00,cancelled,,,,,developers general,https://www.meetup.com/es-ES/rsk-community/events/270954178/,How to Upload a Website on RIF Storage,"Now more than ever decentralized storage solutions are needed to resist censorship and ensure personal data privacy. RIF Storage sets out to create the base-layer of a truly decentralized internet üåÄüåÄ

In this webinar, learn how to launch your own serverless website using RIF Storage- it‚Äôs easier than you think! 

Right now, everybody is able to launch an unstoppable, serverless website and we will show you how üí™üí™

SPEAKERS:

üë®‚ÄçüíªRinke Hendriksen: Swarm PO and Researcher
üë®‚ÄçüíªBrendan Graetz: Developer Advocate

To learn more about RIF storage, visit our website and roadmap: https://www.rifos.org/storage",Workshop,online,Online only,English,"Rinke Hendriksen
Brendan Graetz","Swarm PO & Researcher
Developer Advocate","@hendriksenrinke
@bguiz",https://app.livestorm.co/iov-labs-1/how-to-upload-a-website-on-rif-storage,https://app.livestorm.co/p/1de3f667-da89-4880-b634-a28f30e544c2/form,https://youtu.be/lFjYCcp21zw,postponed webinar
2020-06-03T19:00:00-03:00,202006-002,1,2020-05-31T14:45:00+08:00,confirmed,Slides: https://docs.google.com/presentation/d/e/2PACX-1vTEASUlYeV_YDYuxfqeVCle33UYHBDtkAzWuFt5NvsnHhtq1OEuqjQDvuNAfABL64JwUEyumNcZFyxH/pub?start=true&loop=false&delayms=5000,,,,general,https://www.meetup.com/es-ES/rsk-community/events/270942375/,O que √© RSK?,"O que √© a rede RSK? 
O que faz com que ela esteja ligada ao Bitcoin?
Quais os diferenciais desta rede?
Estas ser√£o algumas das perguntas que responderemos no pr√≥ximo webinar!",Talk,online,Online only,Portuguese,Solange Gueiros,Developer Advocate,@solangegueiros,https://app.livestorm.co/iov-labs-1/o-que-e-rsk,https://app.livestorm.co/p/87ee7c1e-3ff0-48b7-8625-a939dea73347/form,https://youtu.be/hu5mV_OkJs0,
2020-06-04T19:00:00-03:00,202006-003,2,2020-07-02T19:56:00-03:00,confirmed,Slides: https://drive.google.com/file/d/1Ievu0bxTzwYu1JpcjNNaTLG3GDX_pnRi/view?usp=sharing,,,,startups enterprise,https://www.meetup.com/es-ES/RSKBuenosAires/events/270941073/,Miner√≠a de Bitcoin y Macro tendencias de la Industria,"Legal Hackers Montevideo y IOVlabs presentan:

‚õèÔ∏è MINER√çA DE BITCOIN Y MACRO TENDENCIAS DE LA INDUSTRIA ‚õèÔ∏è

Speakers:

üë®‚Äçüíª Martin Medina, head of Mining de IOVlabs
üë®‚Äçüíª Guzman Pintos, co-founder & head of Growth de Luxor

Unete a esta nueva conversaci√≥n con dos de los especialistas m√°s reconocidos de miner√≠a de Bitcoin.

Registro ‚û°Ô∏è https://app.livestorm.co/iov-labs-1/mineria-de-bitcoin-y-macro-tendencias
",Talk,online,Online only,Spanish,"Martin Medina
Guzman Pintos","Head of Mining
Co-founder & Head of Growth of Luxor Technologies","@thisistincho
@guzmanpintos",https://app.livestorm.co/iov-labs-1/mineria-de-bitcoin-y-macro-tendencias,https://app.livestorm.co/p/7aaa3958-5508-4c24-804c-10498f7e154e/form,https://youtu.be/xwC0lpT4n80,
2020-06-10T17:00:00+08:00,202006-004,5,2020-06-09T22:45:00+08:00,confirmed,"Slides: https://developers.rsk.co/webinars/202006-004/slides/
Tutorial: https://developers.rsk.co/tutorials/dweb/first-swarm-website/
Workshop: https://github.com/bguiz/workshop-rif-first-swarm-website/",,,@bguiz,developers general,https://www.meetup.com/es-ES/rsk-community/events/270954178/,How to Upload a Website on RIF Storage,"Now more than ever decentralized storage solutions are needed to resist censorship and ensure personal data privacy. RIF Storage sets out to create the base-layer of a truly decentralized internet üåÄüåÄ

In this webinar, learn how to launch your own serverless website using RIF Storage- it‚Äôs easier than you think! 

Right now, everybody is able to launch an unstoppable, serverless website and we will show you how üí™üí™

SPEAKERS:

üë®‚ÄçüíªRinke Hendriksen: Swarm PO and Researcher
üë®‚ÄçüíªBrendan Graetz: Developer Advocate

To learn more about RIF storage, visit our website and roadmap: https://www.rifos.org/storage",Talk,online,Online only,English,"Rinke Hendriksen
Brendan Graetz","Swarm PO & Researcher
Developer Advocate","@hendriksenrinke
@bguiz",https://app.livestorm.co/iov-labs-1/how-to-upload-a-website-on-rif-storage,https://app.livestorm.co/p/1de3f667-da89-4880-b634-a28f30e544c2/form,https://youtu.be/lFjYCcp21zw,
2020-06-12T16:00:00-03:00,202006-005,1,2020-06-06T09:45:00+08:00,Confirmed,,,,,"developers
general",https://www.meetup.com/es-ES/RSKBuenosAires/events/271110707/,Tokens para Desarrolladores Blockchain,"Si sos desarrollador y quer√©s entender todo sobre los tokens construidas tanto en Ethereum como en RSK:

‚úÖ C√≥mo funcionan,
‚úÖ Cu√°ntos y de qu√© tipos existen,
‚úÖ Las principales aplicaciones existentes

No pod√©s perdertelo.",Talk,online,Online only,Spanish,Angel Lopez,Senior Developer,@ajlopez,https://app.livestorm.co/iov-labs-1/tokens-para-desarrolladores-blockchain,https://app.livestorm.co/p/6be94df7-619c-4b91-b7e6-ece7ce2ec32c/form,https://youtu.be/dZYVohPV-XM,
2020-06-17T19:00:00-03:00,202006-006,4,2020-07-02T20:39:00-03:00,Confirmed,Slides: https://docs.google.com/presentation/d/e/2PACX-1vRoMwDdcBU4YujKCotpkkskYO6UlXlQhh_pEl2NwLePUvDrId6hMxoHzTHBXBLNHIFiMBXx1IYgPIgw/pub?start=true&loop=false&delayms=5000,,,,Developers,https://www.meetup.com/es-ES/rsk-community/events/271259617/,Criando um n√≥ local na RSK,Como configurar um n√≥ local para constru√ß√£o de aplica√ß√µes na rede RSK.,Workshop,online,Online only,Portuguese,Solange Gueiros,Developer Advocate,@solangegueiros,https://app.livestorm.co/iov-labs-1/criando-um-no-local-na-rsk,https://app.livestorm.co/p/f869f5f9-4c3a-498d-aeca-f3fecd0099ff/form,https://youtu.be/SlfGy5o5esg,
2020-06-19T13:00:00-04:00,202006-007,3,2020-06-12T19:35:00-03:00,Confirmed,,,,,General,https://www.meetup.com/es-ES/rsk-community/events/271259908/,Bleumi: Covering the 'last mile' of RSK Ecosystem as a Payment Technology Partner,"As a payment technology partner, Bleumi is enabling blockchain adoption by every-day users in ever-day payment and payout use.


Webinar Agenda:

Introduction to Bleumi Pay (All-in-One Global Digital Currency Payment Platform)
Why Bleumi Pay for Digital Currency Payments?
Bleumi Product Roadmap
Demo of RSK Token Payment using Bleumi Pay on eCommerce Store (WooCommerce / Magento)",Talk,online,Online only,English,"Thomas Arul
John Melvin Susai","Bleumi CEO
Bleumi COO","@thomasarul
@johnmelvins",https://app.livestorm.co/iov-labs-1/bleumi-covering-the-last-mile-of-rsk,https://app.livestorm.co/p/fca33a5d-83a7-43e0-976d-90367a48846f/form,https://youtu.be/6y23I8_4XG0,
2020-06-25T19:00:00-05:00,202006-008,1,2020-06-12T14:45:00+08:00,Confirmed,,,,,Developers,https://www.meetup.com/es-ES/RSKBuenosAires/events/271395876/,"De App a dApp:
Aprende como migrar tu App en JavaScript a un RSK Smart Contract","De App a dApp:
Diviertete migrando tu App en JavaScript a RSK con Smart Contracts asegurados por la red de Bitcoin y usando Swarm - almacenaje descentralizado-. ",Workshop,online,Online only,Spanish,Dulce Villarreal,Developer Advocate,@Dulce_vird,"https://app.livestorm.co/iov-labs-1/de-app-a-dap
",https://app.livestorm.co/p/e42994d6-a586-4136-b19d-056010079403/form,https://youtu.be/FQBPPd2FOvQ,
2020-06-26T13:00:00-04:00,202006-009,2,2020-06-12T16:20:00-03:00,Confirmed,,,,,"Developers
General",https://www.meetup.com/es-ES/rsk-community/events/271395816/,"RSK made easy with SIMBA Chain
","SIMBA is an amazing platform that enables companies and devs to quickly create and deploy blockchain dApps. Watch the demo, and deploy dApps in RSK quickly. ",Demo,online,Online only,English,"Tommy Cooksey
Dulce Villarreal","SIMBA Chain Blockchain Architect
Developer Advocate","@tommycooksey
@Dulce_vird
",https://app.livestorm.co/iov-labs-1/rsk-made-easy-with-simba-chain,https://app.livestorm.co/p/697bea3b-c18f-433c-90c4-4a12f5153435/form,https://youtu.be/SAXzU4_ifR8,
2020-06-30T16:00:00-03:00,202006-010,2,2020-06-16T10:53:00-03:00,cancelled,,,,,"Developers
General
NGO",,Self Sovereign Identity and RIF,,Talk,online,Online only,English,Milton Berman,RIF Identity PO,@miltonberman,https://app.livestorm.co/iov-labs-1/self-sovereign-identity-and-rif,https://app.livestorm.co/p/56ef4df6-6884-4238-9440-84f8c75408a1/form,,
2020-07-01T19:00:00-03:00,202007-001,3,2020-08-04T15:30:00-03:00,confirmed,"Tutorial (PT): https://solange.dev/2020/rsk-truffle-tests/
Tutorial (EN): https://developers.rsk.co/tutorials/ethereum-devs/truffle-test/
",,,,Developers,https://www.meetup.com/es-ES/rsk-community/events/271482311/,Testes utilizando Truffle na RSK,Neste webinar voc√™ vai aprender a elaborar testes em smart contracts utilizando o Truffle Framework.,Workshop,online,Online only,Portuguese,Solange Gueiros,Developer Advocate,@solangegueiros,https://app.livestorm.co/iov-labs-1/testes-utilizando-truffle-na-rsk,https://app.livestorm.co/p/2442473d-a268-4bba-8678-2bd6903f8894/form,https://youtu.be/53LPSnBI6rs,
2020-07-03T15:00:00-03:00,202007-002,3,2020-07-02T20:42:00-03:00,cancelled,,,,,Developers,https://www.meetup.com/es-ES/rsk-community/events/271483324/,RIF Lumino workshop,"On this webinar we will learn how to interact with multiple cross-blockchain off-chain networks such as Lumino, Lightning and Raiden.",Workshop,online,Online only,English,Alejandro Narancio,Payments and Tools PO,@anarancio,https://app.livestorm.co/iov-labs-1/rif-lumino-workshop,https://app.livestorm.co/p/20581219-2dc5-4382-ac78-b2e06a7c0101/form,,
2020-07-03T18:00:00-03:00,202007-003,2,2020-06-24T17:30:00+08:00,cancelled,,,,,Developers,,RIF Lumino workshop,,Workshop,online,Online only,Spanish,Alejandro Narancio,Payments and Tools PO,@anarancio,https://app.livestorm.co/iov-labs-1/rif-lumino-workshop-en-espanol,https://app.livestorm.co/p/c1b34ea2-d1c8-475f-b6a8-5f2e44405571/form,,
2020-07-08T15:00:00+08:00,202007-005-C,2,2020-06-24T17:30:00+08:00,cancelled,"Slides: https://developers.rsk.co/webinars/202007-005/slides/
Javascript Hands-on: https://dappsdev.org/hands-on/mocha-intro/",,,,Developers,,Testing Smart Contracts with Truffle (Duplicate),Learn how to create and run tests on your RSK smart contracts using Truffle.,Workshop,online,Online only,English,Brendan Graetz,Developer Advocate,@bguiz,,,,
2020-07-15T19:00:00-03:00,202007-006,3,2020-08-04T15:30:00-03:00,confirmed,"Tutorial (PT): https://solange.dev/2020/rsk-port-ethereum-dapps/
Tutorial (EN): https://developers.rsk.co/tutorials/ethereum-devs/port-ethereum-dapps/
",,,,Developers,https://www.meetup.com/es-ES/rsk-community/events/271846531/,Migrando dApps do Ethereum para RSK,Este webinar √© para os desenvolvedores Ethereum que desejam conhecer as possibilidades para migrar suas aplica√ß√µes para a rede RSK.,Workshop,online,Online only,Portuguese,Solange Gueiros,Developer Advocate,@solangegueiros,https://app.livestorm.co/iov-labs-1/migrando-dapps-do-ethereum-para-rsk,https://app.livestorm.co/p/9948fd38-4bfd-488e-a7ea-868d9384c80a/form,https://youtu.be/-7Oi9_BDr5k,
2020-07-22T19:00:00-05:00,202007-007,1,2020-06-24T17:30:00+08:00,confirmed,,,,,Developers,https://www.meetup.com/es-ES/RSKBuenosAires/events/271987115/,Testeando Smart Contracts con Truffle ,Aprenda a crear y ejecutar pruebas en sus contratos inteligentes RSK con Truffle.,Workshop,online,Online only,Spanish,"Dulce Villarreal
Hiram P√©rez
Carlos Colorado",Developer Advocate,"@Dulce_vird
@driverInside
@ccolorado",https://app.livestorm.co/iov-labs-1/testeando-smart-contracts-con-truffle,https://app.livestorm.co/p/23f72a43-a63d-4837-963c-db2f1a107064/form,,
2020-07-29T19:00:00-03:00,202007-008,1,2020-06-24T17:30:00+08:00,confirmed,,,,,Developers,https://www.meetup.com/es-ES/rsk-community/events/271987022/,Utilizando Truffle Boxes na RSK,"RSK possui diversos Truffle boxes, que s√£o estruturas de projetos prontos para serem customizados üòÑ

Eles incluem todas as configura√ß√µes e dependencias necess√°rias para voc√™ se concentrar no que realmente importa:

‚û°Ô∏è O desenvolvimento da sua aplica√ß√£o descentralizada e seus smart contracts.

Neste webinar voc√™ vai conhecer os Truffle Boxes da RSK e aprender a utiliz√°-los.",Workshop,online,Online only,Portuguese,Solange Gueiros,Developer Advocate,@solangegueiros,https://app.livestorm.co/iov-labs-1/utilizando-truffle-boxes-na-rsk,https://app.livestorm.co/p/acd7505e-a8e6-4e83-9a6a-26f54c808695/form,https://youtu.be/fmbwgwSW8zo,
2020-07-08T09:00:00+08:00,202007-005,5,2020-07-06T20:30:00+08:00,confirmed,"Slides: https://developers.rsk.co/webinars/202007-005/slides/
System pre-requisites: https://developers.rsk.co/tutorials/workshop-prereqs/
Javascript testing hands-on: https://developers.rsk.co/tutorials/workshop-js-testing/
Smart contract testing hands-on: https://developers.rsk.co/tutorials/workshop-smart-contract-testing-truffle/",,/webinars/202007-005/banner-image.png,@bguiz,Developers,https://www.meetup.com/es-ES/rsk-community/events/271698862/,Testing Smart Contracts with Truffle,Learn how to create and run tests on your RSK smart contracts using Truffle.,Workshop,online,Online only,English,"Brendan Graetz
Dulce Villarreal","Developer Advocate
Developer Advocate","@bguiz
@Dulce_vird",https://app.livestorm.co/iov-labs-1/testing-smart-contracts-with-truffle,https://app.livestorm.co/p/b6612166-518b-4852-8b6e-6806923fe80d/form,https://www.youtube.com/watch?v=_bVwar_p0wo,
2020-07-06T18:00:00-03:00,202007-009,1,2020-06-30T10:00:00+08:00,confirmed,,,,,"General
Enterprise",meetup.com/es-ES/RSKBuenosAires/events/271629531/?isFirstPublish=true,Carnes Validadas: plataforma de trazabilidad ganadera sobre Blockchain,"Carnes validadas is developing a value creation network in the Argentina meat chain, based on RSK to provide transparency, clarity and streamline the meat production process, from genealogy to the consumer. At this webinar Carnes Validadas CEO will provide us details on what their vision is and how Carnes Validadas will revolutionze the Meat Industry.",Talk,online,Online only,Spanish,"Diego Heinrich
Edy Weber","CEO de Carnes Validadas
CEO de Koibanx","@CarnesValidadas
@weber_edy",https://app.livestorm.co/iov-labs-1/caso-carnes-validadas,https://app.livestorm.co/p/b5c806ac-1ec7-470b-b5a6-1c7a889c9f17/form,https://youtu.be/6Hm_v3dQ_uc,
2020-07-13T14:00:00-04:00,202007-010,1,2020-06-30T10:00:00+08:00,confirmed,,,,,"General
Enterprise",https://www.meetup.com/RSKBuenosAires/events/271762800/,C√≥mo dexFreight potencia la infraestructura de RSK para generar soluciones reales en la industria trillonaria de la log√≠stica,"dexFreight es una plataforma descentralizada orientada a la industria log√≠stica que provee una soluci√≥n integral para toda la cadena de valor desde la compra de un producto hasta su llegada a destino.Los clientes principales de dexFreight incluyen proveedores de log√≠stica, y transportistas. dexFreight permitir√° un flujo mucho m√°s eficiente para llevar los productos a manos del consumidor final reduciendo tiempos de entrega y optimizando costos. Al mismo tiempo, al generar eficiencias en toda la cadena dexFreight permitir√° liberar gran cantidad de capital subutilizado o inmovilizado en inventarios, camiones, remolques, almacenes, etc.En este seminario web, H√©ctor Hern√°dez CEO de dexFreight CEO nos compartir√° su visi√≥n sobre c√≥mo blockchain y dexFreight est√°n configurados para revolucionar la industria log√≠stica en la pr√≥xima d√©cada.",Talk,online,Online only,Spanish,Hector Hernandez,dexFreight Chief Strategy Officer,@dexHector,https://app.livestorm.co/iov-labs-1/how-is-dexfreight-leveraging-rsk,https://app.livestorm.co/p/90643f0a-2561-4790-ba09-e158c8e780f3/form,https://youtu.be/s-_yeyRh68o,
2020-07-30T18:00:00-03:00,202007-011,1,2020-07-04T16:15:00+08:00,confirmed,,,,,"General
Enterprise",https://www.meetup.com/es-ES/RSKBuenosAires/events/271970802/,C√≥mo incentivar la econom√≠a local en Municipios implementando tecnolog√≠a Blockchain,"En este webseminar Koibanx propone conocer la plataforma de digitalizaci√≥n de activos que desarroll√≥ sobre tecnolog√≠a Blockchain para estimular la econom√≠a local de municipios.

Se hablar√° de c√≥mo se crean activos digitales para gobierno, se realizar√° una demo en vivo y los detalles sobre la exitosa implementaci√≥n que hicimos en conjunto con el Municipio de Marcos Paz en la Provincia de Buenos Aires, se explicar√° el marco jur√≠dico actual y por √∫ltimo se responder√°n preguntas.",Talk,online,Online only,Spanish,Juan Pablo Orlando ,Head of Sales de Koibanx,@koibanx,https://app.livestorm.co/iov-labs-1/incentivar-economia-local-en-municipios,https://app.livestorm.co/p/da00591e-f86f-47ba-8b7c-b41d912306b5/form,https://youtu.be/WRWZxxKqcc8,
2020-07-30T10:00:00+08:00,202007-012,1,2020-07-17T11:30:00+08:00,confirmed,,,,,"General
Enterprise",https://www.meetup.com/es-ES/rsk-community/events/271946954/,How is dexFreight leveraging RSK infrastructure to deliver real world solutions to the multi-trillion dollar logistics industry?,"dexFreight is a decentralized FinTech-enabled logistics market network for freight companies to handle shipments from booking to payment in one place. 
dexFreight primary customers include third-party logistics providers, carriers, and shippers. dexFreight technology will ultimately translate in shorter times and lower costs to get the products to the hands of the end consumer while unlocking vast amounts of capital from freight invoices, inventories, and underused assets like trucks, trailers, warehouses, etc.
At this webinar Hector Hernadez dexFreight CSO and Co-founder will share his insights and vision on how blockchain and dexFreight are set up to revolutionize the logistics industry within the next decade.

",Talk,online,Online only,English,"Hector Hernandez
Eddy Travia","dexFreight Chief Strategy Officer
IOVlabs Asia-Pacific Director","@dexHector
@startupeddy",https://app.livestorm.co/iov-labs-1/dexfreight-sea,https://app.livestorm.co/p/15834fc1-a2cb-4848-bbd3-d4edf7923947/form,https://youtu.be/3s7ALoI7dSs,
2020-07-31T14:00:00-07:00,202007-013,1,2020-07-22T14:15:00+08:00,confirmed,,,,,"Developers
General",https://www.meetup.com/es-ES/rsk-community/events/272083357/,rWallet and RSK libraries,"At this webinar we are going to review in depth the recently launched rWallet and the tools provided by the RSK library.

Some benefits:
- Security
- Autonomy
- Lightness
- Compatibility
- Simplicity",Workshop,online,Online only,English,Chris Li,RSK Studio Developer,@chrisli2046,https://app.livestorm.co/iov-labs-1/rwallet-and-rsk-libraries,https://app.livestorm.co/p/ec855c22-6b23-42b9-8f43-89a6554079cf/form,https://youtu.be/E8XQs10otFc,
2020-08-03T14:00:00-03:00,202008-001,1,2020-07-22T14:15:00+08:00,confirmed,,,,,"General
Enterprise",https://www.meetup.com/es-ES/rsk-community/events/272105824/,"EVShare:
Healthier and Sustainable Cities through Blockchain Technologies","EVShare mission is to create cleaner, healthier, sustainable and more livable cities ultimately focused on decarbonization and enabling a sharing economy.
RSK Blockchain technology is the basis of EVShare's Decentralized platform.
Vehicles, passengers, goods and energy players interact in the community forming an efficient ecosystem.
At this webinar Eduardo Javier Munoz will delve into EVShare business model and its use cases to date.",Talk,online,Online only,English,Eduardo Javier Munoz,EVShare CEO,"@EVShareMobility
@EJMun",https://app.livestorm.co/iov-labs-1/evshare-healthier-and-sustainable-cities,https://app.livestorm.co/p/e6c9c408-f453-417e-9ab5-5b237c646acd/form, https://youtu.be/rsOsY8cDfrE,
2020-08-03T18:00:00-03:00,202008-002,1,2020-07-22T14:15:00+08:00,confirmed,,,,,"General
Enterprise",https://www.meetup.com/es-ES/RSKBuenosAires/events/272109653/,"EVShare:
Ciudades sustentables a trav√©s de la implementaci√≥n de tecnolog√≠a Blockchain","La misi√≥n de EVShare es crear ciudades m√°s limpias, saludables, sustentables y habitables a trav√©s de la reducci√≥n de las emisiones de carbono permitiendo el desarrollo de una econom√≠a colaborativa.
A trav√©s de EVShare los veh√≠culos, pasajeros, entidades de energ√≠a interact√∫an en la comunidad formando un ecosistema eficiente.
EVShare ha desarrollado su plataforma descentralizada en la Blockchain de RSK.
En este webinar, Eduardo Javier Mu√±oz compartir√° el modelo de negocio de EVShare y sus casos de uso.",Talk,online,Online only,Spanish,Eduardo Javier Munoz,CEO de EVShare,"@EVShareMobility
@EJMun",https://app.livestorm.co/iov-labs-1/evshare-ciudades-sustentables,https://app.livestorm.co/p/2bbaf2ed-5c77-4428-aa34-3bb9f5a531b4/form,https://youtu.be/8n1dRBljIj4,
2020-08-12T19:00:00-03:00,202008-003,1,2020-08-04T15:30:00-03:00,confirmed,,,,,,,Aprenda a criar sua primeira carteira rWallet e transferir RBTCs entre carteiras,"Para iniciantes!

Neste workshop vamos ensinar passo a passo como instalar a carteira rWallet no celular e outra carteira no navegador, para transferir R-BTCs de teste entre elas.

A rWallet √© carteira lan√ßada pela RSK!
Alguns benef√≠cios:
- Seguran√ßa
- Autonomia
- Compatibilidade
- Simplicidade",Workshop,online,Online only,Portuguese,Solange Gueiros,Developer Advocate,@solangegueiros,https://app.livestorm.co/iov-labs-1/aprenda-a-criar-sua-primeira-carteira-rwallet,https://app.livestorm.co/p/477dbcd4-7e15-4a21-bf56-11a6155fcc1a/form,https://youtu.be/DHTIsn_PLvA,
2020-08-14T14:00:00-03:00,202008-004,1,2020-08-04T15:30:00-03:00,confirmed,,,,,,,RIF Lumino workshop,"On this webinar we will learn how to interact with multiple cross-blockchain off-chain networks such as Lumino, Lightning and Raiden.",Workshop,online,Online only,English,Alejandro Narancio,Payments and Tools PO,@anarancio,https://app.livestorm.co/iov-labs-1/rif-lumino-workshop,https://app.livestorm.co/p/20581219-2dc5-4382-ac78-b2e06a7c0101/form,https://youtu.be/JDKxwMON3fY,
2020-08-19T09:00:00+08:00,202008-005,2,2020-08-18T12:00:00+08:00,confirmed,"Slides: https://developers.rsk.co/webinars/202008-005/slides/
System pre-requisites: https://developers.rsk.co/tutorials/workshop-prereqs/
Javascript testing hands-on: https://developers.rsk.co/tutorials/workshop-js-testing/
Smart contract testing hands-on: https://developers.rsk.co/tutorials/workshop-smart-contract-testing-ozcli/",,/webinars/202008-005/banner-image.png,@bguiz,Developers,,Testing Smart Contracts with OpenZepplin CLI,Learn how to create and run tests on your RSK smart contracts using OpenZeppelin CLI.,Workshop,online,Online only,English,"Brendan Graetz
Dulce Villarreal","Developer Advocate
Developer Advocate","@bguiz
@Dulce_vird",https://app.livestorm.co/iov-labs-1/testing-smart-contracts-with-openzepplin,https://app.livestorm.co/p/11ca137c-4c36-453b-9dea-93458bc3c831/form,https://youtu.be/Bw6bHgiUEiI,
2020-08-19T19:00:00-03:00,202008-006,1,2020-08-04T15:30:00-03:00,confirmed,,,,,,,Utiliza√ß√£o da biblioteca rsk3.js no seu site,"Para desenvolvedores!

Aprenda como utilizar a biblioteca rsk3.js em un frontend para se comunicar com os smart contracts publicados na RSK.",Workshop,online,Online only,Portuguese,Solange Gueiros,Developer Advocate,@solangegueiros,https://app.livestorm.co/iov-labs-1/utilizacao-da-biblioteca-rsk3js-no-seu-site,https://app.livestorm.co/p/28967d51-08df-4701-9b3a-12cfc240e5bf/form,https://youtu.be/Y41RzbkZNEA,
2020-08-24T17:00:00-03:00,202008-007,2,2020-08-18T20:51:00-03:00,confirmed,,,,,,https://www.meetup.com/es-ES/RSKBuenosAires/events/272683683/,Trazabilidad en la industria Nuclear basada en tecnolog√≠a Blockchain,"NUCLEARIS desarroll√≥ la primera Plataforma de Trazabilidad a nivel mundial basada en BLOCKCHAIN y que es utilizada en la fabricaci√≥n de componentes de uso nuclear.

En este webinar se contar√° en detalle el caso de uso de esta plataforma que pretende generar un cambio de paradigma en la industria Nuclear basado en la implementaci√≥n de una nueva tecnolog√≠a digital para garantizar la Seguridad Operativa de las Centrales At√≥micas y eficientizar el registro y almacenamiento de documentaci√≥n de vital importancia.

Aprende m√°s sobre c√≥mo la Blockchain puede impulsar la industria nuclear.

‚öõÔ∏è https://www.nuclearis.com/",Talk,online,Online only,Spanish,"Santiago Badran
Sebastian Martinez","CEO
CTO",,https://app.livestorm.co/iov-labs-1/trazabilidad-en-la-industria-nuclear,https://app.livestorm.co/p/de980613-7c05-4d99-8ac8-5e1cef829757/form,https://youtu.be/hHFDHlORxgc,
2020-08-24T14:00:00-03:00,202008-008,1,2020-08-04T15:30:00-03:00,confirmed,,,,,,https://www.meetup.com/es-ES/rsk-community/events/272682883/,Traceability in the Nuclear industry based on Blockchain technology,"NUCLEARIS developed the first Traceability Platform based on BLOCKCHAIN ‚Äãused in the assemble of components for Nuclear purposes.

The platform's objective is to generate a paradigm shift in the Nuclear industry based in Blockchain technology to guarantee the Operational Safety of Atomic Power Plants and to make the registration and storage of documentation more efficient.

Learn more about how can Blockchain leverage the Nuclear industry at this webinar.

https://en.nuclearis.com/
",Talk,online,Online only,English,"Santiago Badran
Sebastian Martinez","CEO
CTO",,https://app.livestorm.co/iov-labs-1/traceability-in-the-nuclear-industry-based-on-blockchain-technology,https://app.livestorm.co/p/83535a48-3e9a-4355-8585-e06ce85d41c2/form,https://youtu.be/hoMqmpFnAzY,
2020-08-26T19:00:00-03:00,202008-009,1,2020-08-04T15:30:00-03:00,confirmed,,,,,,https://www.meetup.com/es-ES/RSK-Brasil/events/272684125/,Casos de uso na RSK,"Conhe√ßa alguns casos de uso implementados no Blockchain RSK, desenvolvidos por nossos parceiros.

Veja os casos de uso que ser√£o apresentados:
https://www.rsk.co/pt-pt/Use-cases
",Talk,online,Online only,Portuguese,Solange Gueiros,Developer Advocate,@solangegueiros,https://app.livestorm.co/iov-labs-1/casos-de-uso-na-rsk,https://app.livestorm.co/p/66249815-cf94-4a9a-ab3c-3e6a743c77ff/form,https://youtu.be/SFkidMXS2mQ,
2020-08-27T18:00:00-03:00,202008-010,1,2020-08-04T15:30:00-03:00,confirmed,,,,,,https://www.meetup.com/es-ES/RSKBuenosAires/events/272708136/,"UX & BLOCKCHAIN:
Direcciones y dominios para uso personal","En IOVlabs construimos el internet del valor pensando en un mundo con libertad e inclusi√≥n financiera en el que la tecnolog√≠a de Blockchain sea accesible y f√°cil de usar.

Con los nombres y dominios ahora vas a poder recordar los datos de tu wallet con facilidad y compartirla con tus amigos y conocidos para hacer cualquier transacci√≥n.

En este workshop aprender√°s a dar de alta tu dominio con tu nombre, usando ENS, RNS, RIF Name Services y la rWallet.",Demo,online,Online only,Spanish,Dulce Villarreal,Developer Advocate,@Dulce_Villarreal,https://app.livestorm.co/iov-labs-1/ux-and-blockchain-direcciones-y-dominios,https://app.livestorm.co/p/e34c1aef-6d13-4ff1-b9a7-51ef2f85f98c/form,https://youtu.be/fp_wWvv2LW0,
2020-09-02T20:00+08:00,202008-011,2,2020-09-08T11:45:00+08:00,confirmed,"post-COVID Hack 2020: https://postcovidhack.com/
Socio-economic inclusion track challenges: https://postcovidhack.com/challenges/socio-economic-inclusion
Socio-economic inclusion track prizes: https://postcovidhack.com/challenges/socio-economic-inclusion/prizes",,/webinars/img/pch2020-partner-banner.png,,,,Post Covid Hack Official Launch,"Use Blockchain technology, build awesome solutions and determine what the future will look like in a post-pandemic world!

This online launch event is ideal for everyone who is interested in 
building solutions using blockchain technology.  This event offers a 
great opportunity to have all your questions answered if you interested 
or have already joined the hackathon. You can find out more about Post Covid Hack here: [postcovidhack.com](https://postcovidhack.com/)

We are celebrating the kick-off of the Post Covid Hack - a global 
online blockchain hackathon. We invite all interested parties, 
technologists, developers and people with an interest in blockchain to 
join this opening event.In this Event, we will cover:

- 10 min intro about Post Covid Hack and the supporting partners
- 10 min intro about the Tracks and the various Use Cases
- 30 min panel discussion with leading representatives from Coinsilium,  IOVlabs, Kucoin, Blockchain for Humanity and Mischon de Reya",Talk,online,Online only,English,"Gaurang Torverkar
Gabriel Kurman
Eddy Travia
Lou Yu
Gustavo Segovia
Tom Grogan","CEO, Indorse
Master Advocate, IOV Labs
CEO, Coinsilium
Operations Lead, KuChain
Collaboration Catalyst and Socio-Economic Analyst, Blockchain for Humanity
Engineering Technology Lead, Mishcon de Reya","@gaurangtorvekar
@GabrielKurman
@startupeddy
@LouYU12789405
@sepu85
@TomGroganMdR",https://www.eventbrite.sg/e/post-covid-hack-2020-official-launch-tickets-117617704721,https://www.eventbrite.sg/tickets-external?eid=117617704721&aff=dappsdev,https://www.youtube.com/watch?v=2wXSCghy0oo,
2020-09-08T21:00+08:00,202009-002,2,2020-09-09T18:00:00+08:00,confirmed,"Slides: https://docs.google.com/presentation/d/1FtTWubH2aKQ7nLIbr5Ug9j8BXJATLtqYmIbH1cZKvrI/edit#
Tutorial: http://extropy.foundation/workshops/bootcamp/soliditytutorial.html",,/webinars/img/pch2020-partner-banner.png,,,https://www.meetup.com/es-ES/rsk-community/events/273017420/,Blockchain basics: Writing your first smart contract,"This workshop is ideal for anyone looking to learn the basics of Blockchain technology. In this workshop, we will cover the following:

- Theory of blockchain and decentralised systems
- Consensus mechanisms
- How Bitcoin and Ethereum really work
- What makes a good blockchain project?
- Writing Smart Contracts
  - Using Remix
  - Hands on solidity programming",Workshop,online,Online only,English,Laurence Kirk,"CEO and Senior Blockchain Developer, Extropy.IO",@extropylaurence,https://www.eventbrite.sg/e/blockchain-basics-writing-your-first-smart-contract-no-experience-needed-tickets-118590367983,https://www.eventbrite.sg/tickets-external?aff=dappsdev&eid=118590367983,https://www.youtube.com/watch?v=89EFX6Bhqs0,
2020-09-10T20:00+08:00,202009-003,1,2020-09-09T15:15:00+08:00,confirmed,Decentralised  immunity passport (pre-read): https://medium.com/id2020/id2020-announces-certification-of-blok-bioscience-immunity-passport-1f86013e9da5,,/webinars/img/pch2020-partner-banner.png,,,,Why blockchain matters -- the history of commerce from the dawn of history to now,"Much has been written about the transformative potential of Blockchain and DLT: target use cases, expected outcomes, ways it will change the world, and so on. And in truth, DLT has the potential to change the world as much as the internet itself has, if not more.

The goal of this session will be to give listeners an intuitive understanding of why that transformative potential is so strong by establishing its linkage to the world's first and oldest business requirement - one we are still trying to solve.

The talk assumes a wikipedia-level understanding of blockchain and DLT, but no specific advance preparation is required.",Talk,online,Online only,English,Areiel Wolanow,"Managing Director, Finserv Experts",@FinservExperts,https://www.eventbrite.sg/e/why-blockchain-matters-the-history-of-commerce-from-the-dawn-of-history-tickets-118598231503,https://www.eventbrite.sg/tickets-external?aff=dappsdev&eid=118598231503,https://youtu.be/K-agozYwvLY,
2020-09-15T21:00+08:00,202009-004,2,2020-10-02T18:15:00+08:00,confirmed,Slides: https://postcovidhack.slack.com/?redir=%2Ffiles%2FU01AL0F2ZUH%2FF01BEB540CQ%2Fblockchain_for_hackathons.pdf%3Forigin_team%3DT016QJSKWDQ%26origin_channel%3DC0169SBSJ8P,,/webinars/img/pch2020-partner-banner.png,,,https://www.meetup.com/es-ES/rsk-community/events/273017525/,Blockchain for hackathons: How to build a dApp as quickly as possible,"This workshop is ideal for anyone looking to build dapps as quickly as possible. In this workshop, we will cover the following:

- Review of smart contracts and solidity
- Development and testing tools
- Create a smart contract using Remix
- Build a dapp that interacts with a smart contract
  - Read
  - Write
  - Receive notification
- Store and retrieve data using IPFS
- Common problems and their solutions",Workshop,online,Online only,English,"Tom Dwyer
Laurence Kirk","Blockchain Developer, Extropy.IO
CEO and Senior Blockchain Developer, Extropy.IO","@extropy
@extropylaurence",https://www.eventbrite.sg/e/blockchain-for-hackathons-how-to-build-a-dapp-as-quickly-as-possible-tickets-118590500379,https://www.eventbrite.sg/tickets-external?aff=dappsdev&eid=118590500379,https://www.youtube.com/watch?v=f0stK7FCyos,
2020-09-16T20:00+08:00,202009-005,1,2020-09-02T20:45:00+08:00,confirmed,"post-COVID Hack 2020: https://postcovidhack.com/
Socio-economic inclusion track challenges: https://postcovidhack.com/challenges/socio-economic-inclusion
Socio-economic inclusion track prizes: https://postcovidhack.com/challenges/socio-economic-inclusion/prizes",,/webinars/img/pch2020-partner-banner.png,,,https://www.meetup.com/es-ES/rsk-community/events/273017670/,How to foster social inclusion with IOV‚Äôs technologies - POST COVID HACK 2020,"Social inclusion is at the heart of IOV‚Äôs purpose as an organization. It is of foremost importance in the post-COVID era, to help marginalized communities by providing better access to fair markets and financial services thanks to reputational profiles based on social and economic contributions made by individuals.

IOV is sponsoring the socio-economic inclusion track of #PCH2020, where global teams are invited to create innovative solutions to tackle issues brought upon us by the pandemic, utilizing blockchain technologies. We look forward to the use cases developed as a result of the hackathon, which we expect will have a positive impact in the post-pandemic society as a whole.

In this event, we will cover the following:

- Improving access to fair markets
- Improving access to financial services
- How blockchain and other decentralised technologies can help
- The need for innovation in the post-COVID era",Talk,online,Online only,English,"
Diego Gutierrez Zaldivar",CEO,@dieguito,https://www.eventbrite.sg/e/how-to-foster-social-inclusion-with-iovs-technologies-post-covid-hack-tickets-118590799273,https://www.eventbrite.sg/tickets-external?aff=dappsdev&eid=118590799273,,
2020-09-22T21:00+08:00,202009-006,1,2020-08-29T15:00:00+08:00,confirmed,Slides: https://docs.google.com/presentation/d/13dBalzcdShgkaMjdWCFJUqkcJt2DjLHL6iWnqpxww0Y/edit#',,/webinars/img/pch2020-partner-banner.png,,,https://www.meetup.com/es-ES/rsk-community/events/273017710/,Blockchains and smart contract security: Essential safeguards for your dApp,"This workshop is ideal for developers looking to learn how to develop secure smart contracts. In this workshop, we will cover the following:

- Smart contract review
- Security essentials
- Hands on - hacking contracts",Workshop,online,Online only,English,Laurence Kirk,"CEO and Senior Blockchain Developer, Extropy.IO",@extropylaurence,https://www.eventbrite.sg/e/blockchains-and-smart-contract-security-essential-safeguards-for-your-dapp-tickets-118591120233,https://www.eventbrite.sg/tickets-external?aff=dappsdev&eid=118591120233,https://www.youtube.com/watch?v=7wL2g-Dy7UA,
2020-09-24T20:00+08:00,202009-007,1,2020-08-29T15:00:00+08:00,confirmed,"Remix and MetaMask: https://developers.rsk.co/tutorials/ethereum-devs/remix-and-metamask-with-rsk-testnet/
Front end: https://developers.rsk.co/tutorials/frontend/first-frontend-web3-injected/",,/webinars/img/pch2020-partner-banner.png,,,https://www.meetup.com/es-ES/rsk-community/events/273018257/,Create your RSK dApp: from smart contracts to frontend,"This workshop is step-by-step hands on to learn how to create and deploy a simple smart contract on RSK‚Äôs Testnet. Also you will learn how to create your first frontend to interact with it

What the participants will learn:

- Create a smart contract using Solidity
- Configure a web wallet
- Deploy on RSK‚Äôs Testnet using Remix
- Create a frontend using only Javascript and HTML
- Connect your dApp to a wallet using a web3 provider.

Do participants need to install anything on their computer prior to the workshop?  
No!",Workshop,online,Online only,English,Solange Gueiros,Developer Advocate,@solangegueiros,https://www.eventbrite.sg/e/create-your-rsk-dapp-from-smart-contracts-to-frontend-tickets-118592396049,https://www.eventbrite.sg/tickets-external?aff=dappsdev&eid=118592396049,https://www.youtube.com/watch?v=8msOOXpUDbg,
2020-09-29T21:00+08:00,202009-008,2,2020-10-02T18:15:00+08:00,confirmed,Slides: https://docs.google.com/presentation/d/1sAa-nU1pdxurD7D43fCMcZP3ODUUKtrbGQGhOoKFi7E/edit#,,/webinars/img/pch2020-partner-banner.png,,,https://www.meetup.com/es-ES/rsk-community/events/273018660/,Zero-knowledge proofs: A practical guide to developing ZKPs for a dApp,"This workshop is a practical guide to developing ZKP‚Äôs for an application.  In this workshop, we will cover the following:

- Intuitive explanation of zero knowledge proofs
- Types of zero knowledge proofs
- Current use cases and directions
- Creating zero knowledge proofs on Ethereum",Workshop,online,Online only,English,Laurence Kirk,"CEO and Senior Blockchain Developer, Extropy.IO",@extropylaurence,https://www.eventbrite.sg/e/zero-knowledge-proofs-a-practical-guide-to-developing-zkps-for-a-dapp-tickets-118591310803,https://www.eventbrite.sg/tickets-external?aff=dappsdev&eid=118591310803,https://youtu.be/CtiQaZ3vEhw,
2020-10-01T20:00+08:00,202009-009,2,2020-10-02T18:15:00+08:00,confirmed,"Slides: https://docs.google.com/presentation/d/e/2PACX-1vRvdF4UF5hzOav7yPbRvuYwLVNosjBzXsmkHzgZX-lOvugc7sZ_hzcn-X-0uPs8eyTmZ3q6_fmwbhQF/pub?start=false&loop=false&delayms=5000#
Metamask: https://developers.rsk.co/wallet/use/metamask/
Nifty Wallet: https://developers.rsk.co/wallet/use/nifty/",,/webinars/img/pch2020-partner-banner.png,,,,Token Bridge and Uniswap: Crossing Tokens from Ethereum to RSK and back,"In this workshop, we will use the Token Bridge to cross ERC20 tokens from Ethereum ro RSK and then trade them on rskswap.com 

",Workshop,online,Online only,English,Pedro Prete,Interoperability PO,@PedroMPrete,https://www.eventbrite.sg/e/token-bridge-and-uniswap-webinar-all-in-one-tickets-118598722973,https://www.eventbrite.sg/tickets-external?aff=dappsdev&eid=118598722973,https://youtu.be/q5OKJ5bUCiY,
2020-09-09T19:00:00-03:00,202009-010,1,2020-08-30T22:00:00-03:00,confirmed,,,,,,https://www.meetup.com/es-ES/RSK-Brasil/events/272991529/,RSK e DeFi - Finan√ßas descentralizadas,"Entenda o que √© DeFi - Finan√ßas descentralizadas e conhe√ßa as solu√ß√µes desenvolvidas na RSK.
Conhe√ßa mais sobre DeFi para Bitcoin ‚û°Ô∏è https://developers.rsk.co/defi/pt-pt/index.html",Talk,online,Online only,Portuguese,Solange Gueiros,Developer Advocate,@solangegueiros,https://app.livestorm.co/iov-labs-1/rsk-e-defi-financas-descentralizadas,https://app.livestorm.co/p/9674f59b-730f-4de4-9c60-cefce84fde06/form,https://youtu.be/qnzs09wpJ8k,
2020-09-09T10:00:00-03:00,202009-011,1,2020-08-30T22:00:00-03:00,confirmed,,,,,,https://www.meetup.com/es-ES/Blockchain-Singapore-Meetup/events/272982109/,DeFi for Bitcoin - Asia,DeFi for Bitcoin - Asia,Panel,online,Online only,English,"Gabriel Kurman
Santiago de Lavallaz
Eddy Travia
Manuel Ferrari
Bruno Calmels","Master Advocate
Director of Capital Markets
Asia Director
Money on Chain Co-Founder
Defiant Co-Founder & CTO","@gabrielkurman
@__Santino__
@startupeddy
@manuferraritano
@bro_calms",https://app.livestorm.co/iov-labs-1/defi-for-bitcoin-asia,https://app.livestorm.co/p/170cec76-60fe-4e17-9123-6f64d28eba7a/form,https://youtu.be/1PBYtbhHUwg,
2020-09-23T19:00:00-03:00,202009-012,1,2020-08-30T22:00:00-03:00,confirmed,,,,,,https://www.meetup.com/es-ES/RSK-Brasil/events/273251198/,Conhe√ßa a RIF - RSK Infrastructure Framework,"Existir uma infraestrutura de com bibliotecas e ferramentas acelera a implementa√ß√£o de qualquer projeto em Blockchain. 
Armazenamento descentralizado, gerenciamento de nomes para dom√≠nios, marketplace e canais de pagamento, entre outros, j√° existem para a RSK atrav√©s da RIF - RSK Infrastructure Framework e ser√£o apresentados neste webinar.
Conhe√ßa mais sobre RIF ‚û°Ô∏è https://www.rifos.org/pt-pt/",Talk,online,Online only,Portuguese,Solange Gueiros,Developer Advocate,@solangegueiros,https://app.livestorm.co/iov-labs-1/conheca-a-rif-rsk-infrastructure-framework,https://app.livestorm.co/p/9c4aac42-45bf-4bb3-8143-1d4de89a48f7/form,https://youtu.be/Fa19pybMxKE,
2020-09-30T16:00:00-03:00,202009-013,1,2020-08-30T22:00:00-03:00,confirmed,Slides: https://docs.google.com/presentation/d/19c9HvMMUpmXEpbmIHsBVcRCpPfevhsidppJf3g_pD14/edit?usp=sharing,,,,General,,Self Sovereign Identity and RIF,"The main intention of Self Sovereign Identity is to empower people with tools to control their digital interactions and to recover privacy in digital environments.
At this webinar we will delve into its vital role to protect users privacy and digital identities and RIF plans around it.
Learn more about RIF Identity ‚û°Ô∏è https://www.rifos.org/directory",Talk,online,Online only,English,Milton Berman,RIF Identity PO,@miltonberman,https://app.livestorm.co/iov-labs-1/self-sovereign-identity-and-rif,https://app.livestorm.co/p/56ef4df6-6884-4238-9440-84f8c75408a1/form,https://youtu.be/4GJZ54H4c1M,
2020-09-25T17:00:00+01:00,202009-014,2,2020-09-21T15:28:00-03:00,confirmed,,,,,,https://www.meetup.com/es-ES/rsk-community/events/273407346/,Chainlink and RSK Integration,"Learn more about RSK and its integration of Chainlink decentralized oracles with smart contract engineers, Julian Rodriguez & Fernando Rubal. This technical demo was recorded at The Smart Contract Summit.",Demo,online,Online only,English,"Julian Rodriguez
Johann Eid","RIF Gateways PO
Chainlink PO","@julianmrodri_
@EidJohann",https://app.livestorm.co/iov-labs-1/rif-gateways-chainlink-integration,https://app.livestorm.co/p/33eb9bb0-58f6-41da-a21e-648c27cf62c2/form,https://youtu.be/I7vrN3PqtuE,
2020-09-10T09:00:00-03:00,202009-015,2,2020-09-15T21:00:00-03:00,cancelled,,,,,,https://www.meetup.com/es-ES/rsk-community/events/273025091/,"Why blockchain matters:
The history of commerce from the dawn of history to now","Much has been written about the transformative potential of Blockchain and DLT: target use cases, expected outcomes, ways it will change the world, and so on. And in truth, DLT has the potential to change the world as much as the internet itself has, if not more. The goal of this session will be to give listeners an intuitive understanding of why that transformative potential is so strong by establishing its linkage to the world's first and oldest business requirement, one we are still trying to solve.
",Talk,online,Online only,English,Areiel Wolanow,Blok Solutions CTO,@FinservExperts,https://www.eventbrite.sg/e/why-blockchain-matters-the-history-of-commerce-from-the-dawn-of-history-tickets-118598231503,,,
2020-09-16T19:00:00-03:00,202009-016,2,2020-09-14T16:00:00-03:00,confirmed,,,,,,https://www.meetup.com/es-ES/RSK-Brasil/events/273251198/,"Interoperabilidade: Ethereum, RSK e Bitcoin. Entenda como funciona","Que tipo de interoperabilidade pode existir entre Bitcoin, Ethereum e RSK?  Ethereum tem smart contracts e RSK pode executar os mesmos smart contracts com a valida√ß√£o da rede Bitcoin. Entenda como isso funciona.",Talk,online,Online only,Portuguese,Solange Gueiros,Developer Advocate,@solangegueiros,https://app.livestorm.co/iov-labs-1/bitcoin-ethereum-and-rsk,https://app.livestorm.co/p/129f425c-9d15-46f3-90fa-6261a0998e29/form ,https://youtu.be/1uC7DUZwSIU,
2020-10-07T13:00:00+01:00,202010-001,1,2020-10-09T20:30:00+08:00,confirmed,,,/webinars/img/pch2020-partner-banner.png,,,,RSK Truffle boxes: a fast way to build a dApp in a Hackathon,"This workshop is a step-by-step hands on to know the RSK Truffle boxes and learn how to use them to create a full dApp very quickly.

What the participants will learn:
- Unbox an RSK Truffle box
- Configure a web wallet
- Deploy a smart contract on RSK‚Äôs Testnet using Truffle
- Use Truffle test
- Run the frontend which is already in the box
- Interact with your dApp!

List of prior reading materials for participants that will help them prepare for the workshop:
https://developers.rsk.co/tools/truffle/
https://developers.rsk.co/tutorials/truffle-boxes/rsk-starter-box/
https://developers.rsk.co/tutorials/truffle-boxes/pet-shop-box/",Workshop,online,Online only,English,Solange Gueiros,Developer Advocate,@solangegueiros,https://www.eventbrite.sg/e/rsk-truffle-boxes-a-fast-way-to-build-a-dapp-in-a-hackathon-tickets-123134696191,https://www.eventbrite.sg/tickets-external?aff=dappsdev&eid=123134696191,,
2020-10-08T13:00:00+01:00,202010-002,1,2020-10-09T20:30:00+08:00,confirmed,,,/webinars/img/pch2020-partner-banner.png,,,https://www.meetup.com/es-ES/rsk-community/events/273782009/,What to avoid when building your first Blockchain app,"In this workshop, aimed at both technical and business professionals, Nethermind Founder and CTO, Tomasz Sta≈Ñczak, will cover:

- What doesn‚Äôt work on blockchain
- Common mistakes for people entering blockchain
- Why you should not store data on-chain
- How to choose between Private vs Public blockchain",Talk,online,Online only,English,Tomasz Stanczak,"CTO, Nethermind",@tkstanczak,https://www.eventbrite.sg/e/what-to-avoid-when-building-your-first-blockchain-app-tickets-119859257265,https://www.eventbrite.sg/tickets-external?aff=dappsdev&eid=119859257265,,
2020-10-13T13:00:00+01:00,202010-003,1,2020-10-09T20:30:00+08:00,confirmed,,,/webinars/img/pch2020-partner-banner.png,,,https://www.meetup.com/es-ES/rsk-community/events/273782079/,Using Blockchain to foster Socio-Economic Inclusion,"Learn how Blockchain for Humanity & Post Covid Hack foster socio-economic inclusion through the use of Blockchain Technology.

The aim of this workshop is to help participants in the Post Covid Hack to understand:

- What community currency is, its use-cases and how these communities look
- What are the relevant projects in this area
- What would be beneficial to have in the space
- Blockchain for Humanity's mission
- How decentralisation relates to (helps with) socio-economic inclusion
- Discuss specific projects and questions from the audience / Post Covid Hack participants",Panel,online,Online only,English,Blockchain for Humanity,,@b4_humanity,https://www.eventbrite.sg/e/using-blockchain-to-foster-socio-economic-inclusion-panel-discussion-tickets-122359848601,https://www.eventbrite.sg/tickets-external?aff=dappsdev&eid=122359848601,,
2020-10-15T20:00:00+08:00,202010-004,2,2020-10-10T11:30:00+08:00,confirmed,Reading Materials: https://s3.cointelegraph.com/storage/uploads/view/48c6c4e03f85bc722d76f88c2676478b.pdf,,/webinars/img/pch2020-partner-banner.png,,,,Whirlwind introduction to DeFi,"This workshop along with an interactive Q&A will cover the key differences between **CeFi** and **DeFi**, and the key components in DeFi plus more.
Will touch upon **DEX's**, **AMM** and what are the possible drivers for the sudden surge in DeFi. Not to miss anything out, we will look at what are the key challenges in front of DeFi to succeed.

**What you will learn**

Learn about Stable coins, DEX, AMM, Bonding curves, Derivatives , Oracles plus more.

**Prior reading materials**

If you are new to the DeFi space, we recommend you read the following report prior to the workshop: [DeFi Adoption 2020 : A definite guide to entering the industry](https://s3.cointelegraph.com/storage/uploads/view/48c6c4e03f85bc722d76f88c2676478b.pdf)",Workshop,online,Online only,English,Anish Mohammed,"Co-founder, R¬≤ Labs",@anishmohammed,https://www.eventbrite.sg/e/whirlwind-introduction-to-defi-tickets-124664062567,https://www.eventbrite.sg/tickets-external?aff=dappsdev&eid=124664062567,https://youtu.be/W33C1cPR6c4,
2020-10-20T20:00:00-03:00,202010-005,1,2020-10-09T20:30:00+08:00,confirmed,,,,,,https://www.meetup.com/es-ES/RSKBuenosAires/events/273780380/,Como migrar dApps de Ethereum a RSK,"Los costos de gas en la red RSK son un 3000% m√°s bajos que en la red Ethereum.

Puedes verlo entrando en ‚û°Ô∏è http://rskgasstation.info/

Este webinar est√° pensado para desarrolladores de Ethereum que quieran conocer las posibilidades de migrar sus aplicaciones a la red RSK.",Workshop,online,Online only,Spanish,Solange Gueiros,Developer Advocate,@solangegueiros,https://app.livestorm.co/iov-labs-1/como-migrar-dapps-de-ethereum-a-rsk,https://app.livestorm.co/p/604b648b-e57d-4857-83f1-694d5e44bc57/form,https://youtu.be/xsY0dL2-9T4,
2020-10-21T19:00:00-03:00,202010-006,1,2020-10-09T20:30:00+08:00,confirmed,,,,,,https://www.meetup.com/es-ES/RSK-Brasil/events/273779100/,"DeFi na pr√°tica:
Como trocar tokens usando RSK Swap","Para iniciantes!

Experimente os conceitos de DeFi - finan√ßas descentralizadas na pr√°tica! 
Vamos configurar uma carteira, adquirir tokens e troc√°-los utilizando RSK Swap: https://rskswap.com/
Voc√™ tamb√©m vai entender o papel do pool de liquidez no processo.

RSK Swap √© uma exchange completamente descentralizada que possibilita a troca de tokens instantaneamente.
",Workshop,online,Online only,Portuguese,Solange Gueiros,Developer Advocate,@solangegueiros,https://app.livestorm.co/iov-labs-1/defi-na-pratica-como-trocar-tokens-usando-rskswap,https://app.livestorm.co/p/6aefd038-65c2-4640-8d50-471b37d0cb24/form,https://youtu.be/T7Zd83P-xsU,
2020-10-22T19:00:00+01:00,202010-007,1,2020-10-09T20:30:00+08:00,confirmed,,,,,,https://www.meetup.com/es-ES/rsk-community/events/274035704/,"Sovryn
A decentralized protocol for Bitcoin lending and margin trading","Sovryn is a decentralized protocol for Bitcoin lending and margin trading. The protocol can be easily integrated into new and existing exchanges, or accessed simply through a web3 portal. Sovryn will provide decentralized alternatives of all the most popular centralised Bitcoin finance tools. 
Current Features:
üü¢ Spot-Exchange - a low cost, low-slippage, AMM allowing instant trades between tokens.
‚ö´ Margin Trading - Creates up to 5X long/short trades, allowing users to borrow leverage from the lending pool.
‚ö™ Lending Pool - Allows HODLers to earn interest by lending tokens to margin traders and borrowers.
üü¢ Smart BTC Relay - Allows use of Bitcoin almost instantly with smart contracts and decentralized products, from any Bitcoin wallet. 
What makes Sovryn unique is that it is decentralized, and uses Ethereum-like smart contracts but on the RSK Bitcoin sidechain.",Talk,online,Online only,English,"Edan Yago
Ororo Munroe","Contributor
Founder and Developer","@EdanYago
@SovrynStorm
",https://app.livestorm.co/iov-labs-1/sovryn-a-decentralized-protocol-for-bitcoin-lending-and-margin-trading,https://app.livestorm.co/p/e33f5ab9-b1e6-424a-9aa0-2637acf67d6d/form,https://youtu.be/26tpMslkro0,
2020-10-28T19:00:00-03:00,202010-008,2,2020-10-26T22:00:00-03:00,confirmed,,,,,,https://www.meetup.com/es-ES/RSK-Brasil/events/273779227/,"Facilitando sua vida:
Transforme endere√ßos em nomes com o RNS - RIF Name Service","Para iniciantes!

Neste webinar voc√™ vai aprender a criar seu nome personalizado e a interagir com ele, conhecendo algumas utiliza√ß√µes.

RNS - RIF Name Service √© um servi√ßo descentralizado para identifica√ß√£o de endere√ßos Blockchain, transformando-os em nomes customizados, f√°ceis de guardar.

S√£o como os nomes de dom√≠nios na WWW, que usa o Domain Name System (DNS).

Conhe√ßa mas:

üîµ https://www.rifos.org/nameservice/pt-pt/

üîµ https://developers.rsk.co/rif/rns/

üîµ https://manager.rns.rifos.org/

üîµ https://testnet.manager.rns.rifos.org/",Workshop,online,Online only,Portuguese,Solange Gueiros,Developer Advocate,@solangegueiros,https://app.livestorm.co/iov-labs-1/rns-rsk-name-service,https://app.livestorm.co/p/a1763628-87f7-46ab-b961-2a68ab9c66eb/form,https://youtu.be/dXzwvfcShk0,
2020-10-13T13:00:00-03:00,202010-009,1,2020-10-09T20:30:00+08:00,confirmed,,,,,,https://www.meetup.com/es-ES/rsk-community/events/273786331/,"DAI on RSK
Token Bridge: crossing Tokens from DAI to BTC and back","Now DAI is available on RSK!
By bringing the tools and assets that power decentralized finance to a Bitcoin environment, MakerDAO and RSK, together with the RIF token community, can fuel growing demand for DeFi assets and applications without being hampered by Ethereum's high fees.
DAI on RSK will bring the crypto-collateralized stablecoin to a scalable smart contract network while maintaining a connection with Ethereum and its valuable community of users and developers.
On this webinar you will learn about the technology behind the RSK-Ethereum Token Bridge and about those who made it possible.",Webinar,online,Online only,English,"Nadia Alvarez
Pedro Prete","Business Development at MakerDAO
Co-Founder, Think and Dev and RSK Swap Developer","@nad8802
@PedroMPrete",https://app.livestorm.co/iov-labs-1/dai-on-rsk,https://app.livestorm.co/p/7555fb99-899d-44df-9ebe-2c87a3014c54/form,https://youtu.be/T9lvByQzPKc,
2020-10-14T17:00:00-03:00,202010-010,1,2020-10-09T20:30:00+08:00,confirmed,,,,,,https://www.meetup.com/es-ES/RSKBuenosAires/events/273786530/,"DAI + RSK
Token Bridge: intercambio de DAI + BTC","Ahora DAI est√° disponible sobre RSK!
Al llevar las herramientas y los activos que impulsan las finanzas descentralizadas a un entorno de Bitcoin, MakerDAO y RSK, junto con la comunidad de RIF Token, pueden impulsar la creciente demanda de activos y aplicaciones DeFi sin verse obstaculizados por las altas tarifas de Ethereum.
DAI en RSK traer√° la moneda estable con garant√≠a criptogr√°fica a una red de smart contract escalable, a la vez que mantiene una conexi√≥n con Ethereum y su valiosa comunidad de usuarios y desarrolladores.
Durante este webinar aprender√°s mucho m√°s sobre la tecnolog√≠a que se encuentra detr√°s del Puente de Tokens entre RSK y Ethereum y sobre aquellos quienes hicieron esto posible.",Webinar,online,Online only,Spanish,"Mariano di Pietrantonio
Pedro Prete","Marketing Manager, Maker Foundation
Co-Founder, Think and Dev and RSK Swap Developer","@Mariandipietra
@PedroMPrete",https://app.livestorm.co/iov-labs-1/dai-on-rsk-en-espanol,https://app.livestorm.co/p/545c4fad-b5be-4590-964b-118724b44aaf/form,https://youtu.be/xpWjoD8OXI8,
2020-11-11T19:00:00-03:00,202011-001,1,2020-10-30T19:00:00-03:00,confirmed,,,,,,,DAI na RSK Token Bridge: convertendo DAI em BTC e vice-versa,"Agora DAI est√° dispon√≠vel na RSK!
Trazendo as ferramentas e ativos que impulsionam as finan√ßas descentralizadas para o ecossistema Bitcoin, MakerDAO e RSK, juntamente com a comunidade dos tokens RIF, respondem √† crescente demanda por ativos e aplicativos DeFi sem ser preocupar com as altas taxas da rede Ethereum.
DAI na RSK traz esta moeda est√°vel cripto-colateralizada para uma rede com alta escalabilidade para os smart contracts, enquanto mant√©m sua conex√£o com o Ethereum e sua importante comunidade de usu√°rios e desenvolvedores.
Neste webinar voc√™ vai aprender como funciona a RSK-Ethereum Token Bridge e conhecer a parceria da MakerDAO com a RSK.",Webinar,online,Online only,Portuguese,"Nadia Alvarez
Solange Gueiros","Business Development Latam na MakerDAO
Developer Advocate","@nad8802
@solangegueiros","https://app.livestorm.co/iov-labs-1/dai-na-rsk-token-bridge-convertendo-dai-em-btc-e-vice-versa
",https://app.livestorm.co/p/78aeab68-834b-4144-800e-a10bcb0428fe/form,https://youtu.be/i319JceaQ24,
2020-11-25T19:00:00-03:00,202011-002,1,2020-10-30T19:00:00-03:00,confirmed,,,,,,,Como funciona um marketplace? Conhe√ßa o RIF marketplace,"Para iniciantes!

Neste webinar voc√™ vai aprender a negociar nomes de dom√≠nio RNS no RIF marketplace.

RNS - RIF Name Service √© um servi√ßo descentralizado para identifica√ß√£o de endere√ßos Blockchain, transformando-os em nomes customizados, f√°ceis de guardar.

S√£o como os nomes de dom√≠nios na WWW, que usa o Domain Name System (DNS).

O marketplace √© o ponto de encontro de compradores e vendedores, e, no nosso caso, para nomes RNS.

Saiba mais:

üîµ https://www.rifos.org/pt-pt/marketplace

üîµ https://developers.rsk.co/rif/marketplace/

üîµ https://marketplace.rifos.org/

üîµ https://marketplace.testnet.rifos.org/",Workshop,online,Online only,Portuguese,Solange Gueiros,Developer Advocate,@solangegueiros,https://app.livestorm.co/iov-labs-1/como-funciona-um-marketplace-conheca-o-rif-marketplace,https://app.livestorm.co/p/ab69d235-b381-4253-9cc5-d4a2bad869de/form,https://youtu.be/9RQD58lLCIc,
2020-11-18T21:00:00+08:00,202011-003,1,2020-11-10T11:47:00-03:00,confirmed,,,,,,,Will NFTs shape the future of Art & Games?,"NFTs have much more going for them than a lack of fungibility.
Non-fungible tokens are used to create verifiable digital scarcity, as well as digital ownership, and the possibility of asset interoperability across multiple platforms. NFTs are used in several specific applications that require unique digital items like crypto art, crypto-collectibles and crypto-gaming.
At this webinar we will learn how versatile they are!",Webinar,online,Online only,English,"Ben Fairbank
Yacine Terai","RedFOX Labs CEO
CEO of Minty","@bennydoda01
@startupyacine
@startupeddy",https://app.livestorm.co/iov-labs-1/non-fungible-tokens-whats-behind-intelligent-nfts,https://app.livestorm.co/p/865e984b-d2e6-4123-8127-5fac8560bbe6/form,https://youtu.be/ipayenbEY1o,
2020-11-19T18:00:00-03:00,202011-004,1,2020-11-09T20:00:00-03:00,confirmed,,,,,,,Programando Contratos Inteligentes con TDD,"El desarrollo blockchain con contratos inteligentes est√° cambiando el mundo del valor, m√°s all√° de las monedas nacionales. La l√≥gica compartida y p√∫blica permite crear sistemas nuevos como el DeFi (Decentralized Finance) y Open Finance. Pero con un gran poder, llega una gran responsabilidad: hacer que la l√≥gica de los contratos sea la esperada. Una forma de hacerlo es usar el flujo de trabajo de TDD. Veremos los conceptos de esta disciplina, que va m√°s all√° de hacer pruebas: se relaciona con el dise√±o incremental, b√∫squeda de la simplicidad, y especificaci√≥n por c√≥digo. Exploraremos ejemplos sencillos de DeFi, y c√≥mo paso a paso se construye un sistema, usando Solidity y Truffle.
",Workshop,online,Online only,Spanish,Angel Lopez,Senior Developer,@ajlopez,https://app.livestorm.co/iov-labs-1/programando-contratos-inteligentes-con-tdd,https://app.livestorm.co/p/46d76e78-7d15-40d0-9fb3-70519c83f728/form,https://youtu.be/VFa4QIBC78g,
2020-12-01T20:00:00+08:00,202012-001,1,2020-12-01T20:00:00+08:00,confirmed,,,,,,,PCH2020 Demo Day and Prizes - Post Covid Hack,"Demo Day of Post Covid Hack 2020: Join us to meet the winners and discover their projects!

This is the big day all teams and developers are looking forward to. In this ceremonial session, we will not only present the best projects / contributions for each of the many use cases, we will also award the winners with fantastic prizes, grants and mentorships programs. ",Hackathon,online,Online only,English,"Diego Gutierrez Zaldivar
","CEO
","@dieguito
",https://www.eventbrite.sg/e/post-covid-hack-demo-day-announcing-the-winning-projects-open-for-all-tickets-122360354113,https://www.eventbrite.sg/tickets-external?aff=dappsdev&eid=122360354113,https://www.youtube.com/watch?v=6Y8smAwIGtA,
2020-12-16T14:00:00-03:00,202012-002,1,2020-12-16T14:00:00-03:00,confirmed,,,,,,,"Powpeg: the most secure, permissionless and uncensorable Bitcoin peg","Powpeg is a proof-of-work secured two-way peg used to interact between RSK sidechain and the Bitcoin Blockchain.

Powpeg is the first Bitcoin peg to provide security assurances based on Bitcoin's proof-of-work making it the most secure and permissionless peg available.

During this webinar we will review in detail what Powpeg is about and it's role in decentralizing RSK Smart Contract platform.",Webinar,online,Online only,English,Sergio Lerner,CSO,@sdlerner,https://app.livestorm.co/iov-labs-1/powpeg,https://app.livestorm.co/iov-labs-1/powpeg,,